population	document	page	ours_ns	theirs_ns	share	hung
ca-cra	gst190-fill-26e.pdf	1	37888542	127983250	0.000621	-
ca-cra	gst287-fill-25e.pdf	1	33212042	103473167	0.003113	-
ca-cra	gst370-fill-25e.pdf	1	31873750	100813667	0.002309	-
ca-cra	gst44-fill-26e.pdf	1	27503625	98194334	0.003082	-
ca-cra	gst498-fill-25e.pdf	1	26924959	95411958	0.004035	-
ca-cra	gst66-fill-24e.pdf	1	26482084	98491125	0.003124	-
ca-cra	rc1-fill-11-25e.pdf	1	32065208	136659542	0.002930	-
ca-cra	rc151-fill-26e.pdf	1	27681125	87777417	0.000831	-
ca-cra	rc193-fill-25e.pdf	1	34209291	105896792	0.003924	-
ca-cra	rc199-fill-25e.pdf	1	24688583	108429792	0.003780	-
ca-cra	rc243-fill-26e.pdf	1	2699875	41618667	0.000194	-
ca-cra	rc267-fill-25e.pdf	1	25083416	131119416	0.002684	-
ca-cra	rc267-fill-24e.pdf	1	30118000	131888917	0.003095	-
ca-cra	rc269-fill-25e.pdf	1	27682875	101477667	0.003315	-
ca-cra	rc269-fill-24e.pdf	1	21268708	106582542	0.003315	-
ca-cra	rc325-fill-26e.pdf	1	31435625	93590833	0.003835	-
ca-cra	rc339-fill-25e.pdf	1	22068916	94932459	0.003010	-
ca-cra	rc343-fill-26e.pdf	1	27542375	97124000	0.002358	-
ca-cra	rc376-fill-26e.pdf	1	11589875	93409708	0.001539	-
ca-cra	rc381-fill-25e.pdf	1	28101917	136932833	0.003146	-
ca-cra	rc381-fill-24e.pdf	1	29276750	129907375	0.003142	-
ca-cra	rc4288-fill-25e.pdf	1	24253834	81461916	0.001966	-
ca-cra	rc65-fill-26e.pdf	1	29757292	90051000	0.001104	-
ca-cra	rc66-fill-26e.pdf	1	32738500	107803708	0.001539	-
ca-cra	rc66sch-fill-26e.pdf	1	30213333	95548625	0.001236	-
ca-cra	t1-ovp-fill-25e.pdf	1	15904333	119454250	0.002085	-
ca-cra	t1-ovp-fill-24e.pdf	1	18367917	105527125	0.001751	-
ca-cra	t1005-fill-17e.pdf	1	20533000	109823375	0.003480	-
ca-cra	t1005-fill-16e.pdf	1	25579041	104639833	0.003334	-
ca-cra	t1032-fill-25e.pdf	1	24580542	103473625	0.001776	-
ca-cra	t1032-fill-24e.pdf	1	23605875	104592625	0.001663	-
ca-cra	t1135-fill-23e.pdf	1	2432166	45480750	0.000194	-
ca-cra	t1135-fill-22e.pdf	1	2629125	43895958	0.000194	-
ca-cra	t1158-fill-25e.pdf	1	28346750	110993125	0.002385	-
ca-cra	t1198-fill-25e.pdf	1	22764583	95490459	0.001153	-
ca-cra	t1206-fill-25e.pdf	1	26332875	133977500	0.001368	-
ca-cra	t1206-fill-24e.pdf	1	26467750	130130291	0.001512	-
ca-cra	t1212-fill-25e.pdf	1	23393167	84144666	0.001479	-
ca-cra	t1212-fill-24e.pdf	1	24143625	92099875	0.001615	-
ca-cra	t1213-fill-25e.pdf	1	20551250	101643875	0.001943	-
ca-cra	t1223-fill-25e.pdf	1	22350291	119374125	0.001807	-
ca-cra	t1223-fill-24e.pdf	1	23425792	115522167	0.001793	-
ca-cra	t1229-fill-23e.pdf	1	13349875	92678459	0.001597	-
ca-cra	t1255-fill-25e.pdf	1	23901375	122989083	0.001913	-
ca-cra	t183-fill-25e.pdf	1	25324041	108164458	0.004099	-
ca-cra	t183corp-fill-24e.pdf	1	25465750	86799542	0.005143	-
ca-cra	t183corp-fill-23e.pdf	1	25554334	86293792	0.005170	-
ca-cra	t185-fill-25e.pdf	1	25406625	107298833	0.004384	-
ca-cra	t2042-fill-25e.pdf	1	19264833	89386125	0.001098	-
ca-cra	t2042-fill-24e.pdf	1	19153167	86696833	0.001096	-
ca-cra	t2091ind-fill-25e.pdf	1	28620917	116844667	0.002269	-
ca-cra	t2121-fill-25e.pdf	1	20960792	90789583	0.001199	-
ca-cra	t2121-fill-24e.pdf	1	26259458	94345375	0.001710	-
ca-cra	t2125-fill-25e.pdf	1	20094875	86104333	0.001508	-
ca-cra	t2125-fill-24e.pdf	1	21957375	90653500	0.001508	-
ca-cra	t2200-fill-25e.pdf	1	20542125	108776541	0.002940	-
ca-cra	t2200-fill-24e.pdf	1	24172750	106774875	0.003053	-
ca-cra	t2201-fill-23e.pdf	1	27458625	104635250	0.001884	-
ca-cra	t2202-fill-25e.pdf	1	37443084	118809792	0.001962	-
ca-cra	t2202-fill-24e.pdf	1	37143000	118473333	0.001962	-
ca-cra	t2222-fill-25e.pdf	1	29492333	128196959	0.001650	-
ca-cra	t2222-fill-24e.pdf	1	35447833	131559917	0.001642	-
ca-cra	t2222-fill-21f.pdf	1	45190458	167042875	0.040018	-
ca-cra	t2222-fill-20f.pdf	1	23468917	148265584	0.003637	-
ca-cra	t3010-fill-24e.pdf	1	2497708	40691750	0.000194	-
ca-cra	t3010-fill-23e.pdf	1	2293917	45760125	0.000194	-
ca-cra	t400a-fill-26e.pdf	1	21768250	83962375	0.003668	-
ca-cra	t4a-fill-25e.pdf	1	14076708	90909042	0.005495	-
ca-cra	t626-fill-15e.pdf	1	26069209	121496000	0.002028	-
ca-cra	t626-fill-14e.pdf	1	25695417	121979083	0.002333	-
ca-cra	t657-fill-25e.pdf	1	2571292	41099708	0.000194	-
ca-cra	t657-fill-24e.pdf	1	2584375	41508042	0.000194	-
ca-cra	t691-fill-25e.pdf	1	25992667	129005042	0.002387	-
ca-cra	t691-fill-24e.pdf	1	26121542	128366750	0.002391	-
ca-cra	t746-fill-25e.pdf	1	29039583	133598708	0.003020	-
ca-cra	t776-fill-25e.pdf	1	23711167	105562208	0.001265	-
ca-cra	t776-fill-24e.pdf	1	23674625	104982250	0.001228	-
ca-cra	t777-fill-25e.pdf	1	22065709	109418000	0.003718	-
ca-cra	t777-fill-24e.pdf	1	22011625	109178333	0.003712	-
ca-cra	t778-fill-25e.pdf	1	26498958	144393042	0.001556	-
ca-cra	t778-fill-24e.pdf	1	26518208	141154583	0.003452	-
ca-cra	t929-fill-24e.pdf	1	28716333	95179417	0.004749	-
ca-cra	t936-fill-25e.pdf	1	21846041	106554583	0.003497	-
ca-cra	t936-fill-24e.pdf	1	21426292	104843833	0.003582	-
fr-cerfa	cerfa_10011.pdf	1	46168125	111617917	0.004655	-
fr-cerfa	cerfa_10020.pdf	1	237277041	207789083	0.000138	-
fr-cerfa	cerfa_10053.pdf	1	13261541	70975167	0.000090	-
fr-cerfa	cerfa_10058.pdf	1	30307875	118778666	0.011787	-
fr-cerfa	cerfa_10061.pdf	1	18517833	82522458	0.000000	-
fr-cerfa	cerfa_10062.pdf	1	18076250	79393125	0.000002	-
fr-cerfa	cerfa_10063.pdf	1	18309625	67709625	0.000018	-
fr-cerfa	cerfa_10064.pdf	1	19773125	82630500	0.000004	-
fr-cerfa	cerfa_10065.pdf	1	17421834	64356917	0.000016	-
fr-cerfa	cerfa_10066.pdf	1	19636375	69859917	0.000000	-
fr-cerfa	cerfa_10067.pdf	1	24490833	71080292	0.000036	-
fr-cerfa	cerfa_10068.pdf	1	24803250	75547667	0.000010	-
fr-cerfa	cerfa_10069.pdf	1	22171334	73108208	0.000018	-
fr-cerfa	cerfa_10070.pdf	1	38269666	102004959	0.000000	-
fr-cerfa	cerfa_10071.pdf	1	34322041	90459375	0.000134	-
fr-cerfa	cerfa_10072.pdf	1	14443416	83629666	0.000000	-
fr-cerfa	cerfa_10074.pdf	1	34511667	97671250	0.060943	-
fr-cerfa	cerfa_10078.pdf	1	24674666	83354500	0.016907	-
fr-cerfa	cerfa_10083.pdf	1	18799041	77708625	0.000367	-
fr-cerfa	cerfa_10092.pdf	1	21048000	109610250	0.003437	-
fr-cerfa	cerfa_10093.pdf	1	12023417	103445541	0.000937	-
fr-cerfa	cerfa_10094.pdf	1	11721708	99338458	0.000759	-
fr-cerfa	cerfa_10096.pdf	1	27763625	83357250	0.003071	-
fr-cerfa	cerfa_10103.pdf	1	14586625	95045292	0.000375	-
fr-cerfa	cerfa_10112.pdf	1	66570708	123240750	0.007660	-
fr-cerfa	cerfa_10113.pdf	1	115392375	111765708	0.001644	-
fr-cerfa	cerfa_10114.pdf	1	115950166	112375708	0.001485	-
fr-cerfa	cerfa_10115.pdf	1	116800208	112021375	0.001694	-
fr-cerfa	cerfa_10131.pdf	1	19361875	104514042	0.000012	-
fr-cerfa	cerfa_10134.pdf	1	13875250	52764417	0.001030	-
fr-cerfa	cerfa_10170.pdf	1	34976333	163186417	0.000157	-
fr-cerfa	cerfa_10198.pdf	1	22232166	90434292	0.003427	-
fr-cerfa	cerfa_10199.pdf	1	26872292	83243625	0.002282	-
fr-cerfa	cerfa_10246.pdf	1	25765875	81964333	0.000219	-
fr-cerfa	cerfa_10291.pdf	1	9606000	78112334	0.002862	-
fr-cerfa	cerfa_10292.pdf	1	8443250	73836000	0.002349	-
fr-cerfa	cerfa_10293.pdf	1	10376750	87564959	0.002858	-
fr-cerfa	cerfa_10329.pdf	1	13165542	65528000	0.016475	-
fr-cerfa	cerfa_10397.pdf	1	24198417	89244041	0.001352	-
fr-cerfa	cerfa_10400.pdf	1	12692833	87628917	0.000066	-
fr-cerfa	cerfa_10401.pdf	1	33234541	91764958	0.000088	-
fr-cerfa	cerfa_10402.pdf	1	41606916	115278000	0.001419	-
fr-cerfa	cerfa_10428.pdf	1	1628958	33616875	0.000006	-
fr-cerfa	cerfa_10429.pdf	1	7627334	89701291	0.004446	-
fr-cerfa	cerfa_10431.pdf	1	83206291	187074042	0.005101	-
fr-cerfa	cerfa_10443.pdf	1	23680209	76206667	0.007949	-
fr-cerfa	cerfa_10444.pdf	1	7305625	61055292	0.001949	-
fr-cerfa	cerfa_10445.pdf	1	6310292	46477708	0.013533	-
fr-cerfa	cerfa_10446.pdf	1	10748834	83373041	0.001300	-
fr-cerfa	cerfa_10447.pdf	1	7273666	67676125	0.001377	-
fr-cerfa	cerfa_10448.pdf	1	8014875	68414375	0.001353	-
fr-cerfa	cerfa_10449.pdf	1	14509042	78195542	0.001670	-
fr-cerfa	cerfa_10450.pdf	1	11467708	80431292	0.000922	-
fr-cerfa	cerfa_10451.pdf	1	8470792	73784209	0.001982	-
fr-cerfa	cerfa_10452.pdf	1	9584125	77421833	0.002556	-
fr-cerfa	cerfa_10453.pdf	1	8983834	73351041	0.001081	-
fr-cerfa	cerfa_10454.pdf	1	10164834	129184750	0.000589	-
fr-cerfa	cerfa_10455.pdf	1	45035708	92078125	0.004165	-
fr-cerfa	cerfa_10506.pdf	1	8439750	52959792	0.001477	-
fr-cerfa	cerfa_10518.pdf	1	26901209	88047875	0.001497	-
fr-cerfa	cerfa_10530.pdf	1	7894375	69045292	0.001056	-
fr-cerfa	cerfa_10544.pdf	1	9777208	97615500	0.006312	-
fr-cerfa	cerfa_10547.pdf	1	18140875	129393625	0.001214	-
fr-cerfa	cerfa_10573.pdf	1	2607458	47438041	0.001549	-
fr-cerfa	cerfa_10647.pdf	1	15313167	60547625	0.000185	-
fr-cerfa	cerfa_10661.pdf	1	32140083	90822833	0.000022	-
fr-cerfa	cerfa_10662.pdf	1	16244125	96137250	0.001415	-
fr-cerfa	cerfa_10664.pdf	1	18084000	111109416	0.000377	-
fr-cerfa	cerfa_10665.pdf	1	19144000	101527250	0.000301	-
fr-cerfa	cerfa_10701.pdf	1	9046917	55202459	0.000469	-
fr-cerfa	cerfa_10702.pdf	1	241697583	122693208	0.002664	-
fr-cerfa	cerfa_10733.pdf	1	7353542	93025042	0.000467	-
fr-cerfa	cerfa_10748.pdf	1	8410459	63570792	0.000577	-
fr-cerfa	cerfa_10752.pdf	1	23377292	100413834	0.002157	-
fr-cerfa	cerfa_10753.pdf	1	38493875	97147125	0.000623	-
fr-cerfa	cerfa_10755.pdf	1	7718125	65224250	0.000349	-
fr-cerfa	cerfa_10757.pdf	1	16557583	66206583	0.005020	-
fr-cerfa	cerfa_10762.pdf	1	24445250	104182375	0.004595	-
fr-cerfa	cerfa_10763.pdf	1	9169000	86043292	0.000774	-
fr-cerfa	cerfa_10769.pdf	1	14926000	78030541	0.000251	-
fr-cerfa	cerfa_10781.pdf	1	16189500	75307708	0.000213	-
fr-cerfa	cerfa_10782.pdf	1	16088417	61340209	0.008558	-
fr-cerfa	cerfa_10785.pdf	1	13478792	91854584	0.006595	-
fr-cerfa	cerfa_10786.pdf	1	11520834	85978875	0.004493	-
fr-cerfa	cerfa_10787.pdf	1	10629042	85067375	0.000261	-
fr-cerfa	cerfa_10791.pdf	1	31606750	121108000	0.000193	-
fr-cerfa	cerfa_10798.pdf	1	130230750	259709959	0.000006	-
fr-cerfa	cerfa_10804.pdf	1	7996875	61537208	0.000587	-
fr-cerfa	cerfa_10805.pdf	1	18603917	76225417	0.000000	-
fr-cerfa	cerfa_10832.pdf	1	29225167	120333292	0.010772	-
fr-cerfa	cerfa_10860.pdf	1	35928458	89234250	0.000430	-
fr-cerfa	cerfa_10861.pdf	1	7743833	57152417	0.000476	-
fr-cerfa	cerfa_10863.pdf	1	31042125	66189916	0.015376	-
fr-cerfa	cerfa_10864.pdf	1	38807375	91695500	0.012938	-
fr-cerfa	cerfa_10865.pdf	1	9478000	74996959	0.004031	-
fr-cerfa	cerfa_10866.pdf	1	8898208	77930041	0.003617	-
fr-cerfa	cerfa_10871.pdf	1	37784042	73446042	0.000284	-
fr-cerfa	cerfa_10872.pdf	1	31985917	75019375	0.000178	-
fr-cerfa	cerfa_10873.pdf	1	124768167	182718708	0.005471	-
fr-cerfa	cerfa_10903.pdf	1	13792875	95754459	0.001435	-
fr-cerfa	cerfa_10906.pdf	1	19817083	98788208	0.000253	-
fr-cerfa	cerfa_10915.pdf	1	117785292	187683584	0.008320	-
fr-cerfa	cerfa_10916.pdf	1	21002209	62696125	0.000000	-
fr-cerfa	cerfa_10919.pdf	1	20353917	56761791	0.001218	-
fr-cerfa	cerfa_10922.pdf	1	24716917	81335292	0.000010	-
fr-cerfa	cerfa_10924.pdf	1	6362333	72060250	0.001349	-
fr-cerfa	cerfa_10983.pdf	1	7681875	44909084	0.000607	-
fr-cerfa	cerfa_10987.pdf	1	8197500	52214833	0.000591	-
fr-cerfa	cerfa_10989.pdf	1	20087375	103992125	0.000127	-
fr-cerfa	cerfa_10994.pdf	1	28323541	91249958	0.008226	-
fr-cerfa	cerfa_11012.pdf	1	59742666	120193791	0.005483	-
fr-cerfa	cerfa_11021.pdf	1	27337000	120313791	0.000072	-
fr-cerfa	cerfa_11022.pdf	1	34328375	103342125	0.001837	-
fr-cerfa	cerfa_11023.pdf	1	12640709	88475125	0.000020	-
fr-cerfa	cerfa_11024.pdf	1	6008375	43877958	0.000238	-
fr-cerfa	cerfa_11025.pdf	1	8264583	53484625	0.000220	-
fr-cerfa	cerfa_11026.pdf	1	15966667	75442709	0.024136	-
fr-cerfa	cerfa_11027.pdf	1	11178583	83461667	0.000022	-
fr-cerfa	cerfa_11030.pdf	1	14274000	106123458	0.007316	-
fr-cerfa	cerfa_11031.pdf	1	9736083	54096042	0.001094	-
fr-cerfa	cerfa_11033.pdf	1	8449625	65083125	0.001196	-
fr-cerfa	cerfa_11034.pdf	1	12876875	82326666	0.000844	-
fr-cerfa	cerfa_11035.pdf	1	9917417	74538459	0.001768	-
fr-cerfa	cerfa_11046.pdf	1	7898167	57548959	0.000671	-
fr-cerfa	cerfa_11051.pdf	1	117004708	177745459	0.003054	-
fr-cerfa	cerfa_11052.pdf	1	116363292	183933458	0.004022	-
fr-cerfa	cerfa_11054.pdf	1	29292334	81561791	0.018008	-
fr-cerfa	cerfa_11055.pdf	1	15673500	67830750	0.000261	-
fr-cerfa	cerfa_11056.pdf	1	1357542	34495000	0.000006	-
fr-cerfa	cerfa_11057.pdf	1	18004084	62780167	0.001277	-
fr-cerfa	cerfa_11063.pdf	1	8727334	51359292	0.000002	-
fr-cerfa	cerfa_11070.pdf	1	10602292	49890042	0.007369	-
fr-cerfa	cerfa_11071.pdf	1	10777167	54593459	0.007254	-
fr-cerfa	cerfa_11072.pdf	1	10212125	49627125	0.012314	-
fr-cerfa	cerfa_11126.pdf	1	62225542	143392542	0.004743	-
fr-cerfa	cerfa_11139.pdf	1	26202333	112538458	0.001625	-
fr-cerfa	cerfa_11140.pdf	1	8625458	88760250	0.002800	-
fr-cerfa	cerfa_11162.pdf	1	34198125	109583709	0.006972	-
fr-cerfa	cerfa_11163.pdf	1	42253250	164350792	0.000994	-
fr-cerfa	cerfa_11170.pdf	1	24331375	158203250	0.012190	-
fr-cerfa	cerfa_11175.pdf	1	29212792	93185041	0.001353	-
fr-cerfa	cerfa_11192.pdf	1	15170917	58701792	0.013002	-
fr-cerfa	cerfa_11203.pdf	1	36808042	78809000	0.000062	-
fr-cerfa	cerfa_11227.pdf	1	19176250	105417250	0.001383	-
fr-cerfa	cerfa_11240.pdf	1	30089083	79276875	0.001219	-
fr-cerfa	cerfa_11287.pdf	1	15387916	80424334	0.014771	-
fr-cerfa	cerfa_11289.pdf	1	13177625	73709166	0.009932	-
fr-cerfa	cerfa_11290.pdf	1	8120417	71875250	0.011729	-
fr-cerfa	cerfa_11291.pdf	1	5539042	55941083	0.012689	-
fr-cerfa	cerfa_11295.pdf	1	24556500	66178458	0.000072	-
fr-cerfa	cerfa_11308.pdf	1	11255500	96241833	0.009763	-
fr-cerfa	cerfa_11309.pdf	1	11330042	95267958	0.012980	-
fr-cerfa	cerfa_11310.pdf	1	15071875	110099792	0.009874	-
fr-cerfa	cerfa_11319.pdf	1	28603417	111668208	0.002594	-
fr-cerfa	cerfa_11336.pdf	1	6694791	75077292	0.001747	-
fr-cerfa	cerfa_11342.pdf	1	5583458	68037542	0.001184	-
fr-cerfa	cerfa_11343.pdf	1	11717250	70041875	0.002010	-
fr-cerfa	cerfa_11350.pdf	1	25130000	102804583	0.000232	-
fr-cerfa	cerfa_11351.pdf	1	12224625	96520167	0.017388	-
fr-cerfa	cerfa_11352.pdf	1	12692916	101867208	0.014555	-
fr-cerfa	cerfa_11353.pdf	1	23869583	83271375	0.000916	-
fr-cerfa	cerfa_11358.pdf	1	17644125	86752000	0.035693	-
fr-cerfa	cerfa_11359.pdf	1	26102167	94211500	0.053378	-
fr-cerfa	cerfa_11360.pdf	1	39660583	91751416	0.009308	-
fr-cerfa	cerfa_11361.pdf	1	15409167	95075458	0.009975	-
fr-cerfa	cerfa_11368.pdf	1	11696458	74491625	0.001856	-
fr-cerfa	cerfa_11386.pdf	1	11795875	73946916	0.000114	-
fr-cerfa	cerfa_11387.pdf	1	11805000	67021125	0.007900	-
fr-cerfa	cerfa_11413.pdf	1	274696833	343990583	0.000145	-
fr-cerfa	cerfa_11414.pdf	1	13572875	95148959	0.002732	-
fr-cerfa	cerfa_11416.pdf	1	10181125	84804292	0.001066	-
fr-cerfa	cerfa_11423.pdf	1	16007875	64797208	0.000703	-
fr-cerfa	cerfa_11424.pdf	1	8503292	82477167	0.005856	-
fr-cerfa	cerfa_11425.pdf	1	9824500	85922583	0.005252	-
fr-cerfa	cerfa_11426.pdf	1	9423458	83405667	0.005206	-
fr-cerfa	cerfa_11427.pdf	1	13499291	78959042	0.000603	-
fr-cerfa	cerfa_11430.pdf	1	5987750	67995541	0.000192	-
fr-cerfa	cerfa_11431.pdf	1	6452708	72413833	0.000152	-
fr-cerfa	cerfa_11432.pdf	1	6669083	79038750	0.001728	-
fr-cerfa	cerfa_11433.pdf	1	7025459	87338000	0.001082	-
fr-cerfa	cerfa_11435.pdf	1	6939333	79537709	0.002846	-
fr-cerfa	cerfa_11436.pdf	1	11135875	63780875	0.028765	-
fr-cerfa	cerfa_11443.pdf	1	26276250	119420125	0.002302	-
fr-cerfa	cerfa_11450.pdf	1	16715292	89345292	0.000016	-
fr-cerfa	cerfa_11451.pdf	1	52307042	93607125	0.001122	-
fr-cerfa	cerfa_11469.pdf	1	11911834	119445250	0.001088	-
fr-cerfa	cerfa_11504.pdf	1	13758917	49411167	0.000008	-
fr-cerfa	cerfa_11506.pdf	1	19974625	70057292	0.001150	-
fr-cerfa	cerfa_11508.pdf	1	63254000	199297584	0.000022	-
fr-cerfa	cerfa_11511.pdf	1	11811625	96678166	0.001331	-
fr-cerfa	cerfa_11512.pdf	1	10056750	86845125	0.001387	-
fr-cerfa	cerfa_11516.pdf	1	11620750	58917541	0.000935	-
fr-cerfa	cerfa_11525.pdf	1	10916667	77024708	0.049039	-
fr-cerfa	cerfa_11527.pdf	1	8621250	65979750	0.046342	-
fr-cerfa	cerfa_11530.pdf	1	13988167	83149375	0.011671	-
fr-cerfa	cerfa_11531.pdf	1	11079041	71648834	0.037380	-
fr-cerfa	cerfa_11534.pdf	1	11278792	71629083	0.000679	-
fr-cerfa	cerfa_11540.pdf	1	18530459	67830083	0.004290	-
fr-cerfa	cerfa_11541.pdf	1	26860792	82525083	0.001164	-
fr-cerfa	cerfa_11542.pdf	1	15689750	78266541	0.002538	-
fr-cerfa	cerfa_11543.pdf	1	17710416	89057958	0.001922	-
fr-cerfa	cerfa_11544.pdf	1	50664000	72689041	0.002509	-
fr-cerfa	cerfa_11550.pdf	1	279280792	327038083	0.000114	-
fr-cerfa	cerfa_11551.pdf	1	13963917	88396334	0.001295	-
fr-cerfa	cerfa_11552.pdf	1	18720042	81705333	0.002706	-
fr-cerfa	cerfa_11553.pdf	1	13828333	74986083	0.002090	-
fr-cerfa	cerfa_11556.pdf	1	10184250	68400250	0.006250	-
fr-cerfa	cerfa_11558.pdf	1	14529000	93868833	0.001325	-
fr-cerfa	cerfa_11559.pdf	1	17567209	84056834	0.000000	-
fr-cerfa	cerfa_11561.pdf	1	10473250	75654208	0.003647	-
fr-cerfa	cerfa_11562.pdf	1	21418375	116464375	0.009188	-
fr-cerfa	cerfa_11573.pdf	1	40975625	205390958	0.000006	-
fr-cerfa	cerfa_11574.pdf	1	22180209	189121417	0.001552	-
fr-cerfa	cerfa_11575.pdf	1	40370000	199708292	0.001126	-
fr-cerfa	cerfa_11606.pdf	1	7068666	58182917	0.000008	-
fr-cerfa	cerfa_11612.pdf	1	27277833	95644041	0.002272	-
fr-cerfa	cerfa_11614.pdf	1	8637542	74221125	0.000486	-
fr-cerfa	cerfa_11616.pdf	1	27723750	97942334	0.005655	-
fr-cerfa	cerfa_11617.pdf	1	10219500	98063208	0.000279	-
fr-cerfa	cerfa_11619.pdf	1	14323209	108620500	0.000158	-
fr-cerfa	cerfa_11620.pdf	1	10847458	97253917	0.000273	-
fr-cerfa	cerfa_11626.pdf	1	83567958	253358125	0.000899	-
fr-cerfa	cerfa_11628.pdf	1	14015208	68416209	0.000232	-
fr-cerfa	cerfa_11629.pdf	1	13568708	70395709	0.000421	-
fr-cerfa	cerfa_11630.pdf	1	13931125	73419417	0.000623	-
fr-cerfa	cerfa_11632.pdf	1	13662375	73792833	0.000363	-
fr-cerfa	cerfa_11633.pdf	1	13700458	74200333	0.000373	-
fr-cerfa	cerfa_11677.pdf	1	16595625	107828500	0.000504	-
fr-cerfa	cerfa_11678.pdf	1	24939542	127176125	0.000556	-
fr-cerfa	cerfa_11681.pdf	1	17172083	90439541	0.004334	-
fr-cerfa	cerfa_11682.pdf	1	20598333	133317375	0.000769	-
fr-cerfa	cerfa_11683.pdf	1	16339166	102564625	0.000255	-
fr-cerfa	cerfa_11685.pdf	1	17851084	107856542	0.000317	-
fr-cerfa	cerfa_11718.pdf	1	14975542	107331166	0.003908	-
fr-cerfa	cerfa_11723.pdf	1	10593834	72781125	0.050698	-
fr-cerfa	cerfa_11733.pdf	1	22940375	68897917	0.000988	-
fr-cerfa	cerfa_11743.pdf	1	9098375	72426709	0.005493	-
fr-cerfa	cerfa_11752.pdf	1	9664917	75987416	0.010886	-
fr-cerfa	cerfa_11753.pdf	1	12385292	80019125	0.011086	-
fr-cerfa	cerfa_11764.pdf	1	11460709	81565709	0.054919	-
fr-cerfa	cerfa_11766.pdf	1	11943750	76817541	0.000195	-
fr-cerfa	cerfa_11773.pdf	1	17642125	103047250	0.001030	-
fr-cerfa	cerfa_11779.pdf	1	18226958	97358291	0.001644	-
fr-cerfa	cerfa_11783.pdf	1	14430542	76447042	0.018537	-
fr-cerfa	cerfa_11784.pdf	1	9706333	65621458	0.019481	-
fr-cerfa	cerfa_11789.pdf	1	12714708	72869583	0.000563	-
fr-cerfa	cerfa_11790.pdf	1	17234667	90759416	0.000422	-
fr-cerfa	cerfa_11796.pdf	1	31283708	68530916	0.000000	-
fr-cerfa	cerfa_11797.pdf	1	17190167	71140167	0.003651	-
fr-cerfa	cerfa_11808.pdf	1	10735458	77415709	0.023412	-
fr-cerfa	cerfa_11817.pdf	1	12964584	79622333	0.007888	-
fr-cerfa	cerfa_11818.pdf	1	23104375	93331542	0.024603	-
fr-cerfa	cerfa_11819.pdf	1	14097375	89027583	0.001869	-
fr-cerfa	cerfa_11823.pdf	1	11574083	61522083	0.000307	-
fr-cerfa	cerfa_11825.pdf	1	5005708	62197375	0.004094	-
fr-cerfa	cerfa_11834.pdf	1	5222542	67890083	0.002939	-
fr-cerfa	cerfa_11835.pdf	1	15227333	89191209	0.002263	-
fr-cerfa	cerfa_11845.pdf	1	29746833	118765250	0.004332	-
fr-cerfa	cerfa_11846.pdf	1	9956292	61961625	0.000589	-
fr-cerfa	cerfa_11858.pdf	1	3328958	57167250	0.002950	-
fr-cerfa	cerfa_11859.pdf	1	3596833	58759125	0.001631	-
fr-cerfa	cerfa_11861.pdf	1	21258667	99812375	0.011059	-
fr-cerfa	cerfa_11887.pdf	1	6733125	66406833	0.014346	-
fr-cerfa	cerfa_11895.pdf	1	70181792	103671375	0.000494	-
fr-cerfa	cerfa_11906.pdf	1	10300750	95883958	0.011531	-
fr-cerfa	cerfa_11907.pdf	1	11091209	70077292	0.013601	-
fr-cerfa	cerfa_11909.pdf	1	4715834	54765959	0.022779	-
fr-cerfa	cerfa_11910.pdf	1	10307417	80763750	0.013890	-
fr-cerfa	cerfa_11911.pdf	1	7412083	74382083	0.012138	-
fr-cerfa	cerfa_11918.pdf	1	17228708	71480833	0.004797	-
fr-cerfa	cerfa_11924.pdf	1	37761625	109042875	0.000883	-
fr-cerfa	cerfa_11947.pdf	1	8487542	96934541	0.001267	-
fr-cerfa	cerfa_11953.pdf	1	86119375	122525792	0.010474	-
fr-cerfa	cerfa_11962.pdf	1	23372375	117198541	0.005466	-
fr-cerfa	cerfa_11966.pdf	1	12026292	70445250	0.005104	-
fr-cerfa	cerfa_11970.pdf	1	16812167	117114916	0.015787	-
fr-cerfa	cerfa_11971.pdf	1	20591625	92454458	0.000316	-
fr-cerfa	cerfa_11979.pdf	1	76605625	78593834	0.000478	-
fr-cerfa	cerfa_11980.pdf	1	10638791	84079291	0.000008	-
fr-cerfa	cerfa_11981.pdf	1	11308917	78325041	0.000016	-
fr-cerfa	cerfa_11997.pdf	1	7715125	66762750	0.004205	-
fr-cerfa	cerfa_11998.pdf	1	6272167	78068209	0.002180	-
fr-cerfa	cerfa_12002.pdf	1	12089875	74422333	0.000018	-
fr-cerfa	cerfa_12010.pdf	1	23348041	84354542	0.001251	-
fr-cerfa	cerfa_12012.pdf	1	22455250	100588833	0.000014	-
fr-cerfa	cerfa_12040.pdf	1	19765791	153858500	0.003208	-
fr-cerfa	cerfa_12043.pdf	1	7131458	58653917	0.000000	-
fr-cerfa	cerfa_12058.pdf	1	42895958	90613333	0.000604	-
fr-cerfa	cerfa_12064.pdf	1	1412333	33630459	0.000064	-
fr-cerfa	cerfa_12098.pdf	1	26873584	60241042	0.000184	-
fr-cerfa	cerfa_12146.pdf	1	22230417	89317750	0.049033	-
fr-cerfa	cerfa_12147.pdf	1	12428333	64393417	0.055806	-
fr-cerfa	cerfa_12156.pdf	1	18825084	83685917	0.000311	-
fr-cerfa	cerfa_12166.pdf	1	8302083	87478958	0.014982	-
fr-cerfa	cerfa_12196.pdf	1	14478875	93445917	0.000341	-
fr-cerfa	cerfa_12197.pdf	1	14751125	74575917	0.000769	-
fr-cerfa	cerfa_12198.pdf	1	13768500	90025875	0.000606	-
fr-cerfa	cerfa_12199.pdf	1	12448292	81647708	0.000586	-
fr-cerfa	cerfa_12200.pdf	1	13326458	74394708	0.000311	-
fr-cerfa	cerfa_12201.pdf	1	16130000	90399375	0.000130	-
fr-cerfa	cerfa_12202.pdf	1	13818583	90512542	0.000315	-
fr-cerfa	cerfa_12203.pdf	1	14036375	81613708	0.000327	-
fr-cerfa	cerfa_12204.pdf	1	12072417	71772792	0.000363	-
fr-cerfa	cerfa_12205.pdf	1	15998875	73763459	0.000733	-
fr-cerfa	cerfa_12206.pdf	1	13572584	76617667	0.000285	-
fr-cerfa	cerfa_12207.pdf	1	17233042	79931875	0.000735	-
fr-cerfa	cerfa_12208.pdf	1	9884167	71873417	0.000285	-
fr-cerfa	cerfa_12209.pdf	1	22579333	93420959	0.000709	-
fr-cerfa	cerfa_12211.pdf	1	12910583	83176417	0.000600	-
fr-cerfa	cerfa_12212.pdf	1	13841167	79656417	0.000881	-
fr-cerfa	cerfa_12213.pdf	1	12793000	88624042	0.000341	-
fr-cerfa	cerfa_12214.pdf	1	16910333	92713000	0.000403	-
fr-cerfa	cerfa_12215.pdf	1	17770750	96981250	0.000347	-
fr-cerfa	cerfa_12217.pdf	1	14880000	122571583	0.000195	-
fr-cerfa	cerfa_12218.pdf	1	36953333	95935333	0.005093	-
fr-cerfa	cerfa_12219.pdf	1	15391166	91637791	0.000628	-
fr-cerfa	cerfa_12220.pdf	1	18525917	99321833	0.000155	-
fr-cerfa	cerfa_12221.pdf	1	11788333	73511834	0.000094	-
fr-cerfa	cerfa_12230.pdf	1	122419416	114144458	0.001383	-
fr-cerfa	cerfa_12231.pdf	1	41730416	120325833	0.001489	-
fr-cerfa	cerfa_12235.pdf	1	229896917	238867583	0.000132	-
fr-cerfa	cerfa_12242.pdf	1	16743666	80522583	0.004625	-
fr-cerfa	cerfa_12245.pdf	1	11603291	100833750	0.002620	-
fr-cerfa	cerfa_12251.pdf	1	16956083	95878958	0.000156	-
fr-cerfa	cerfa_12252.pdf	1	10417541	55395709	0.000080	-
fr-cerfa	cerfa_12254.pdf	1	24482959	106803000	0.006171	-
fr-cerfa	cerfa_12256.pdf	1	43189750	93552000	0.000482	-
fr-cerfa	cerfa_12267.pdf	1	111542917	186210250	0.000084	-
fr-cerfa	cerfa_12268.pdf	1	33127292	91744209	0.000042	-
fr-cerfa	cerfa_12269.pdf	1	21469875	96150209	0.000169	-
fr-cerfa	cerfa_12274.pdf	1	12253500	109246750	0.001397	-
fr-cerfa	cerfa_12282.pdf	1	14713291	56859042	0.000006	-
fr-cerfa	cerfa_12283.pdf	1	14411750	57663167	0.000004	-
fr-cerfa	cerfa_12285.pdf	1	12977792	80243416	0.037881	-
fr-cerfa	cerfa_12288.pdf	1	14972917	75557500	0.028835	-
fr-cerfa	cerfa_12289.pdf	1	13868958	64596083	0.000026	-
fr-cerfa	cerfa_12290.pdf	1	16476416	69758792	0.000259	-
fr-cerfa	cerfa_12323.pdf	1	15027250	76909875	0.000567	-
fr-cerfa	cerfa_12352.pdf	1	14631750	114825708	0.007736	-
fr-cerfa	cerfa_12363.pdf	1	9604750	62271875	0.000160	-
fr-cerfa	cerfa_12369.pdf	1	16519500	69541959	0.002126	-
fr-cerfa	cerfa_12370.pdf	1	28036167	631681542	0.000086	-
fr-cerfa	cerfa_12378.pdf	1	28037416	97993500	0.002367	-
fr-cerfa	cerfa_12381.pdf	1	18800125	76324209	0.000008	-
fr-cerfa	cerfa_12384.pdf	1	50032583	228693833	0.002156	-
fr-cerfa	cerfa_12391.pdf	1	7618875	59364750	0.000393	-
fr-cerfa	cerfa_12394.pdf	1	5035708	60769458	0.002024	-
fr-cerfa	cerfa_12405.pdf	1	12378792	103491166	0.014244	-
fr-cerfa	cerfa_12410.pdf	1	2304875	32759667	0.000072	-
fr-cerfa	cerfa_12411.pdf	1	21809000	75090500	0.000181	-
fr-cerfa	cerfa_12413.pdf	1	20369583	72243791	0.001098	-
fr-cerfa	cerfa_12414.pdf	1	20147084	74348750	0.000116	-
fr-cerfa	cerfa_12434.pdf	1	32456042	87169333	0.000992	-
fr-cerfa	cerfa_12443.pdf	1	20311459	72018875	0.000000	-
fr-cerfa	cerfa_12446.pdf	1	19875583	68079250	0.000176	-
fr-cerfa	cerfa_12448.pdf	1	14608583	48382375	0.000052	-
fr-cerfa	cerfa_12449.pdf	1	30125959	93332708	0.000421	-
fr-cerfa	cerfa_12453.pdf	1	22993209	77691833	0.065205	-
fr-cerfa	cerfa_12468.pdf	1	42797750	112220250	0.066951	-
fr-cerfa	cerfa_12480.pdf	1	52650625	168171083	0.000124	-
fr-cerfa	cerfa_12481.pdf	1	23978417	97150208	0.002771	-
fr-cerfa	cerfa_12485.pdf	1	16166167	105213958	0.003539	-
fr-cerfa	cerfa_12496.pdf	1	36291750	129087292	0.006998	-
fr-cerfa	cerfa_12502.pdf	1	22989625	101680459	0.000199	-
fr-cerfa	cerfa_12504.pdf	1	38326917	142031792	0.002256	-
fr-cerfa	cerfa_12528.pdf	1	24176459	81392417	0.001072	-
fr-cerfa	cerfa_12529.pdf	1	44913583	72897583	0.002622	-
fr-cerfa	cerfa_12530.pdf	1	9423917	59462500	0.000228	-
fr-cerfa	cerfa_12536.pdf	1	21078958	87261208	0.002699	-
fr-cerfa	cerfa_12539.pdf	1	24072375	108911875	0.001532	-
fr-cerfa	cerfa_12546.pdf	1	17919333	72200791	0.000440	-
fr-cerfa	cerfa_12554.pdf	1	24063041	99406583	0.000867	-
fr-cerfa	cerfa_12555.pdf	1	9378041	65758750	0.000000	-
fr-cerfa	cerfa_12571.pdf	1	8950875	88092291	0.004474	-
fr-cerfa	cerfa_12576.pdf	1	26446708	116547000	0.000195	-
fr-cerfa	cerfa_12577.pdf	1	22452209	96503000	0.000104	-
fr-cerfa	cerfa_12578.pdf	1	25702458	88887125	0.000073	-
fr-cerfa	cerfa_12579.pdf	1	25126500	79674792	0.001188	-
fr-cerfa	cerfa_12592.pdf	1	30535375	102222542	0.001906	-
fr-cerfa	cerfa_12597.pdf	1	6902000	55844959	0.000000	-
fr-cerfa	cerfa_12598.pdf	1	6552500	59505209	0.000000	-
fr-cerfa	cerfa_12605.pdf	1	4426083	55673500	0.000841	-
fr-cerfa	cerfa_12607.pdf	1	12708458	84621917	0.001777	-
fr-cerfa	cerfa_12608.pdf	1	4183334	54095959	0.000502	-
fr-cerfa	cerfa_12609.pdf	1	13216208	85121000	0.001504	-
fr-cerfa	cerfa_12610.pdf	1	4480208	61192875	0.002381	-
fr-cerfa	cerfa_12611.pdf	1	12383708	83463000	0.001317	-
fr-cerfa	cerfa_12612.pdf	1	4535416	59023791	0.001473	-
fr-cerfa	cerfa_12614.pdf	1	11437542	83460667	0.000303	-
fr-cerfa	cerfa_12621.pdf	1	26282208	96005042	0.048929	-
fr-cerfa	cerfa_12622.pdf	1	33531792	99831458	0.053580	-
fr-cerfa	cerfa_12623.pdf	1	17053833	109374916	0.000574	-
fr-cerfa	cerfa_12624.pdf	1	18808375	97250458	0.000420	-
fr-cerfa	cerfa_12625.pdf	1	11226166	88000166	0.000136	-
fr-cerfa	cerfa_12626.pdf	1	38581166	131721792	0.017813	-
fr-cerfa	cerfa_12627.pdf	1	14810541	72097083	0.000223	-
fr-cerfa	cerfa_12628.pdf	1	20479292	88224041	0.001889	-
fr-cerfa	cerfa_12629.pdf	1	17170709	87383791	0.000225	-
fr-cerfa	cerfa_12644.pdf	1	31317292	86047208	0.004880	-
fr-cerfa	cerfa_12650.pdf	1	15039125	70028542	0.003708	-
fr-cerfa	cerfa_12660.pdf	1	18447542	117407875	0.004413	-
fr-cerfa	cerfa_12669.pdf	1	21532042	74945000	0.000002	-
fr-cerfa	cerfa_12670.pdf	1	23780958	81327458	0.000000	-
fr-cerfa	cerfa_12671.pdf	1	23309625	81795333	0.000018	-
fr-cerfa	cerfa_12672.pdf	1	35472667	56579833	0.001265	-
fr-cerfa	cerfa_12673.pdf	1	8688459	107853375	0.000375	-
fr-cerfa	cerfa_12678.pdf	1	9527291	59520125	0.003569	-
fr-cerfa	cerfa_12681.pdf	1	7984958	68432791	0.002489	-
fr-cerfa	cerfa_12685.pdf	1	20136375	80130875	0.000850	-
fr-cerfa	cerfa_12686.pdf	1	21876375	87767625	0.000648	-
fr-cerfa	cerfa_12697.pdf	1	11754666	60951417	0.000333	-
fr-cerfa	cerfa_12699.pdf	1	11599125	78141750	0.003481	-
fr-cerfa	cerfa_12701.pdf	1	12043250	93928625	0.001327	-
fr-cerfa	cerfa_12702.pdf	1	17073625	76221542	0.000078	-
fr-cerfa	cerfa_12703.pdf	1	12703458	116904625	0.003029	-
fr-cerfa	cerfa_12704.pdf	1	18276083	89145875	0.000092	-
fr-cerfa	cerfa_12709.pdf	1	13860042	69046375	0.000080	-
fr-cerfa	cerfa_12711.pdf	1	26595458	100627750	0.000024	-
fr-cerfa	cerfa_12712.pdf	1	34534167	108093209	0.000000	-
fr-cerfa	cerfa_12713.pdf	1	24804625	105168125	0.000042	-
fr-cerfa	cerfa_12714.pdf	1	25043875	82568708	0.000000	-
fr-cerfa	cerfa_12715.pdf	1	7963250	69898084	0.000078	-
fr-cerfa	cerfa_12717.pdf	1	19117125	72164000	0.000000	-
fr-cerfa	cerfa_12725.pdf	1	17354083	119534583	0.001309	-
fr-cerfa	cerfa_12726.pdf	1	13722500	99133125	0.001526	-
fr-cerfa	cerfa_12730.pdf	1	17910667	82549084	0.002850	-
fr-cerfa	cerfa_12732.pdf	1	13902000	84088917	0.004784	-
fr-cerfa	cerfa_12733.pdf	1	7661209	63669542	0.019756	-
fr-cerfa	cerfa_12749.pdf	1	12856417	79261875	0.001136	-
fr-cerfa	cerfa_12751.pdf	1	9649292	80908792	0.000527	-
fr-cerfa	cerfa_12753.pdf	1	30291000	106303208	0.001216	-
fr-cerfa	cerfa_12758.pdf	1	23502333	86702459	0.000863	-
fr-cerfa	cerfa_12760.pdf	1	22143667	90104041	0.001465	-
fr-cerfa	cerfa_12766.pdf	1	22216917	76809500	0.002022	-
fr-cerfa	cerfa_12772.pdf	1	19149417	62971375	0.000000	-
fr-cerfa	cerfa_12785.pdf	1	40062125	75861875	0.002176	-
fr-cerfa	cerfa_12806.pdf	1	7208125	63599167	0.002214	-
fr-cerfa	cerfa_12807.pdf	1	18262916	82472083	0.000110	-
fr-cerfa	cerfa_12808.pdf	1	17093541	80534417	0.000134	-
fr-cerfa	cerfa_12810.pdf	1	12200917	62601959	0.000443	-
fr-cerfa	cerfa_12811.pdf	1	9713959	66992500	0.000417	-
fr-cerfa	cerfa_12812.pdf	1	23184834	88477375	0.000000	-
fr-cerfa	cerfa_12818.pdf	1	1904709	32814458	0.000064	-
fr-cerfa	cerfa_12819.pdf	1	9354167	75267750	0.000243	-
fr-cerfa	cerfa_12820.pdf	1	10511333	71237417	0.039612	-
fr-cerfa	cerfa_12821.pdf	1	10224791	74701583	0.044270	-
fr-cerfa	cerfa_12823.pdf	1	8718084	78394459	0.000064	-
fr-cerfa	cerfa_12825.pdf	1	9378041	69383625	0.041342	-
fr-cerfa	cerfa_12827.pdf	1	13956542	58692125	0.001353	-
fr-cerfa	cerfa_12946.pdf	1	16555833	81468417	0.014422	-
fr-impots	2042_2042_4752.pdf	1	50502208	94077417	0.001350	-
fr-impots	2042_2042_4753.pdf	1	21757250	71065500	0.000033	-
fr-impots	2042_2042_4754.pdf	1	11719000	60019583	0.000010	-
fr-impots	2042_2042_4755.pdf	1	29468959	92329666	0.000002	-
fr-impots	2042_2042_4756.pdf	1	11945125	63885583	0.000334	-
fr-impots	2042_2042_4757.pdf	1	39997041	103944625	0.000002	-
fr-impots	2042_2042_4825.pdf	1	16567083	90767416	0.000013	-
fr-impots	2042_2042_5104.pdf	1	30046875	92304292	0.000002	-
fr-impots	2042_2042_5122.pdf	1	50064292	87153000	0.000002	-
fr-impots	2042_2042_5123.pdf	1	12623416	60846333	0.000010	-
fr-impots	2042_2042_5124.pdf	1	22208166	71583666	0.000033	-
fr-impots	2042_2042_5125.pdf	1	30008792	86057291	0.000056	-
fr-impots	2042_2042_5126.pdf	1	12994042	63967166	0.000340	-
fr-impots	2042_2042_5180.pdf	1	22598709	76690125	0.000153	-
fr-impots	2042_2042_5472.pdf	1	50428500	92182041	0.000002	-
fr-impots	2042_2042_5473.pdf	1	17660250	66970542	0.000008	-
fr-impots	2042_2042_5474.pdf	1	27757292	79045042	0.000066	-
fr-impots	2042_2042_5475.pdf	1	33960625	88272292	0.000057	-
fr-impots	2042_2042_5476.pdf	1	11896042	65145334	0.000338	-
fr-impots	2042_2042_5477.pdf	1	29747708	107226667	0.000014	-
fr-impots	2042_2042_5532.pdf	1	15114917	83448958	0.000165	-
fr-impots	2042_2042_5533.pdf	1	14671000	86001750	0.000155	-
fr-impots	2042_2042_5534.pdf	1	16421458	86390750	0.000245	-
fr-impots	2042_2042_5535.pdf	1	21102292	78857084	0.000157	-
fr-impots	2044_2044_4763.pdf	1	17185833	74408750	0.000056	-
fr-impots	2044_2044_4764.pdf	1	22792792	96401166	0.004486	-
fr-impots	2044_2044_4765.pdf	1	29276208	114935917	0.000000	-
fr-impots	2044_2044_4766.pdf	1	21526500	85510875	0.000062	-
fr-impots	2044_2044_4767.pdf	1	35356625	126650416	0.000000	-
fr-impots	2044_2044_5132.pdf	1	20199125	75999834	0.000000	-
fr-impots	2044_2044_5133.pdf	1	22874916	95982291	0.006833	-
fr-impots	2044_2044_5134.pdf	1	23182792	86298917	0.000002	-
fr-impots	2044_2044_5135.pdf	1	31422417	117044792	0.000031	-
fr-impots	2044_2044_5136.pdf	1	35198291	131468541	0.000000	-
fr-impots	2044_2044_5483.pdf	1	18385042	75279750	0.000000	-
fr-impots	2044_2044_5484.pdf	1	23159792	96547583	0.004627	-
fr-impots	2044_2044_5485.pdf	1	23594375	86558750	0.000006	-
fr-impots	2044_2044_5486.pdf	1	37461333	132394000	0.000000	-
fr-impots	2044_2044_5487.pdf	1	32530292	119308792	0.000031	-
fr-impots	2047_2047_4768.pdf	1	19347875	87533167	0.000007	-
fr-impots	2047_2047_4769.pdf	1	27592916	115073458	0.000992	-
fr-impots	2047_2047_4830.pdf	1	41953792	146082500	0.000004	-
fr-impots	2047_2047_5148.pdf	1	18092417	85919125	0.000000	-
fr-impots	2047_2047_5149.pdf	1	41312542	113567625	0.000116	-
fr-impots	2047_2047_5150.pdf	1	40624459	139753875	0.000000	-
fr-impots	2047_2047_5488.pdf	1	22597292	92747917	0.000000	-
fr-impots	2047_2047_5489.pdf	1	26605375	93794416	0.000100	-
fr-impots	2047_2047_5490.pdf	1	46743458	147994958	0.000000	-
fr-impots	2735_2735_5088.pdf	1	12448584	72981750	0.010858	-
fr-impots	2735_2735_5089.pdf	1	16854875	89644875	0.000223	-
gh-openpdf	openpdf-core_src_test_resources_Brotli-Prototype-FileA.pdf	0	0	0	-1.000000	-
gh-openpdf	openpdf-core_src_test_resources_EmptyPage.pdf	1	553334	19193250	0.000000	-
gh-openpdf	openpdf-core_src_test_resources_HelloWorldMeta.pdf	1	734584	29972833	0.000000	-
gh-openpdf	openpdf-core_src_test_resources_OutlineUriActionWithNoTitle.pdf	1	2382042	46724416	0.000000	-
gh-openpdf	openpdf-core_src_test_resources_SimulatedBoldAndStrokeWidth.pdf	1	714083	22105833	0.005857	-
gh-openpdf	openpdf-core_src_test_resources_barcode_macro_pdf_417.pdf	1	1860958	37614875	0.002275	-
gh-openpdf	openpdf-core_src_test_resources_encodingTest.pdf	1	1022917	30572250	0.000000	-
gh-openpdf	openpdf-core_src_test_resources_identity-h.pdf	1	933209	19925125	0.000517	-
gh-openpdf	openpdf-core_src_test_resources_issue375_Demo1_encrypted_.pdf	1	5814334	43011750	0.000014	-
gh-openpdf	openpdf-core_src_test_resources_issue375_MuPDF-AES256-R6-u=user-o=owner.pdf	0	0	0	-1.000000	-
gh-openpdf	openpdf-core_src_test_resources_issue375_THISISATEST_PWP.pdf	0	0	0	-1.000000	-
gh-openpdf	openpdf-core_src_test_resources_issue375_c-r6-in-pw=owner4.pdf	0	0	0	-1.000000	-
gh-openpdf	openpdf-core_src_test_resources_issue375_copied-positive-P.pdf	1	741875	41544709	0.000033	-
gh-openpdf	openpdf-core_src_test_resources_issue375_enc-XI-R6,V5,O=master.pdf	1	666208	41805541	0.000033	-
gh-openpdf	openpdf-core_src_test_resources_issue375_enc-XI-R6,V5,U=attachment,encrypted-attachments.pdf	1	632291	30552625	0.000033	-
gh-openpdf	openpdf-core_src_test_resources_issue375_enc-XI-R6,V5,U=view,O=master.pdf	0	0	0	-1.000000	-
gh-openpdf	openpdf-core_src_test_resources_issue375_enc-XI-R6,V5,U=view,attachments,cleartext-metadata.pdf	0	0	0	-1.000000	-
gh-openpdf	openpdf-core_src_test_resources_issue375_enc-XI-R6,V5,U=wwwww,O=wwwww.pdf	0	0	0	-1.000000	-
gh-openpdf	openpdf-core_src_test_resources_issue375_enc-XI-long-password=qwertyuiopasdfghjklzxcvbnmqwertyuiopasdfghjklzxcvbnmqwertyuiopasdfghjklzxcvbnmqwertyuiopasdfghjklzxcvbnmqwertyuiopasdfghjklzxcv.pdf	0	0	0	-1.000000	-
gh-openpdf	openpdf-core_src_test_resources_issue375_encrypted-positive-P.pdf	1	925500	42015625	0.000033	-
gh-openpdf	openpdf-core_src_test_resources_issue375_encrypted_hello_world_r6-pw=hôtel.pdf	0	0	0	-1.000000	-
gh-openpdf	openpdf-core_src_test_resources_issue375_graph-encrypted-pw=user.pdf	0	0	0	-1.000000	-
gh-openpdf	openpdf-core_src_test_resources_issue375_issue6010_1-pw=owner.pdf	0	0	0	-1.000000	-
gh-openpdf	openpdf-core_src_test_resources_issue375_issue6010_2-pw=æøå.pdf	0	0	0	-1.000000	-
gh-openpdf	openpdf-core_src_test_resources_issue375_nontrivial-crypt-filter.pdf	1	1226875	30791584	0.001277	-
gh-openpdf	openpdf-core_src_test_resources_issue375_pr6531_1-pw=asdfasdf.pdf	0	0	0	-1.000000	-
gh-openpdf	openpdf-core_src_test_resources_issue375_pr6531_2-pw=asdfasdf.pdf	1	928750	42678000	0.000000	-
gh-openpdf	openpdf-core_src_test_resources_issue375_pwProtectedAES256_openPDFiss375.pdf	1	3987709	37134500	0.000000	-
gh-openpdf	openpdf-core_src_test_resources_issue375_unfilterable-with-crypt.pdf	1	599500	30429584	0.000033	-
gh-openpdf	openpdf-core_src_test_resources_merge-acroforms.pdf	1	4488417	33033875	0.000008	-
gh-openpdf	openpdf-core_src_test_resources_objectXref.pdf	1	11697042	34907166	0.000000	-
gh-openpdf	openpdf-core_src_test_resources_open_protected.pdf	0	0	0	-1.000000	-
gh-openpdf	openpdf-core_src_test_resources_openpdf_bug_test.pdf	1	14020167	28262125	0.000086	-
gh-openpdf	openpdf-core_src_test_resources_pades_infinite_loop.pdf	1	11311375	78693250	0.002666	-
gh-openpdf	openpdf-core_src_test_resources_pades_opposite_infinite_loop.pdf	1	8881250	76648250	0.002666	-
gh-openpdf	openpdf-core_src_test_resources_pdf-2-0_PDF_2.0_UTF-8_string_and_annotation.pdf	1	400333	17111333	0.021712	-
gh-openpdf	openpdf-core_src_test_resources_pdf-2-0_PDF_2.0_image_with_BPC.pdf	1	2689583	46304500	0.000074	-
gh-openpdf	openpdf-core_src_test_resources_pdf-2-0_PDF_2.0_via_incremental_save.pdf	1	705125	28716750	0.000309	-
gh-openpdf	openpdf-core_src_test_resources_pdf-2-0_PDF_2.0_with_page_level_output_intent.pdf	1	901208	29602875	0.000000	-
gh-openpdf	openpdf-core_src_test_resources_pdf-2-0_Simple_PDF_2.0_file.pdf	1	588709	29483875	0.002752	-
gh-openpdf	openpdf-core_src_test_resources_pdf-2-0_pdf20-utf8-test.pdf	1	3236917	40756541	0.000355	-
gh-openpdf	openpdf-core_src_test_resources_pdf_digital_signature_timestamp.pdf	1	5691250	54766875	0.000295	-
gh-openpdf	openpdf-core_src_test_resources_pdf_form_metadata_issue_254.pdf	1	1134375	22174333	0.000088	-
gh-openpdf	openpdf-core_src_test_resources_pdfsmartcopy_bec.pdf	1	19552583	65643250	0.000188	-
gh-openpdf	openpdf-core_src_test_resources_sample_signed-sha1.pdf	1	804500	29964417	0.000000	-
gh-openpdf	openpdf-core_src_test_resources_sample_signed-sha512.pdf	1	1002166	30167917	0.000000	-
gh-openpdf	openpdf-core_src_test_resources_siwa.pdf	1	775625	31094500	0.000103	-
gh-openpdf	openpdf-renderer_src_test_resources_HelloWorldMeta.pdf	1	726542	29586459	0.000000	-
gh-openpdf	pdf-toolbox_src_test_resources_CryptoSignedSha256.pdf	1	5963042	53792083	0.000295	-
gh-openpdf	pdf-toolbox_src_test_resources_MyFile.pdf	1	959292	30145833	0.000000	-
gh-openpdf	pdf-toolbox_src_test_resources_groups.pdf	1	2844042	32393792	0.000000	-
gh-openpdf	pdf-toolbox_src_test_resources_layers.pdf	1	7708083	40572125	0.000000	-
gh-openpdf	pdf-toolbox_src_test_resources_org_openpdf_examples_fonts_form_PdfFormGlyphLayoutManager.pdf	1	6616834	58674334	0.002602	-
gh-openpdf	pdf-toolbox_src_test_resources_org_openpdf_examples_fonts_form_PdfFormLayoutProcessor.pdf	1	6366292	58051875	0.002602	-
gh-openpdf	pdf-toolbox_src_test_resources_pattern.pdf	1	4587292	27974417	0.002553	-
gh-openpdf	pdf-toolbox_src_test_resources_templates.pdf	1	4054875	49210333	0.000148	-
gh-pdfbox	FillFormField.pdf	1	764958	28666834	0.000000	-
gh-pdfbox	custom-render-demo.pdf	1	1810042	32535334	0.000093	-
gh-pdfbox	document.pdf	1	1301792	30566125	0.000271	-
gh-pdfbox	sign_me.pdf	1	21123042	59566542	0.000000	-
gh-pdfbox	sign_me_protected.pdf	0	0	0	-1.000000	-
gh-pdfbox	sign_me_tsa.pdf	1	19709334	64088792	0.000000	-
gh-pdfbox	sign_me_visible.pdf	1	21713666	67223292	0.000000	-
gh-pdfbox	GlyphLayoutBidi.pdf	1	1530083	21787583	0.000833	-
gh-pdfbox	GlyphLayoutDIN91379.pdf	1	8099625	91325750	0.000006	-
gh-pdfbox	GlyphLayoutDIN91379Form.pdf	1	17093625	129463458	0.003284	-
gh-pdfbox	GlyphLayoutLigaturesAndKerning.pdf	1	3046875	36473250	0.000708	-
gh-pdfbox	GlyphLayoutSMP.pdf	1	3363917	30328500	0.000101	-
gh-pdfbox	HelloWorld.pdf	1	701500	20141250	0.000000	-
gh-pdfbox	PdfForm.pdf	1	5893042	56859708	0.002602	-
gh-pdfbox	FC60_Times.pdf	1	960750	29136542	0.000000	-
gh-pdfbox	Liste732004001452_001_0.pdf_0_.pdf	1	3819958	24704666	0.000008	-
gh-pdfbox	PDFBOX-2984-rotations.pdf	1	1289792	36019458	0.005006	-
gh-pdfbox	PDFBOX-3025.pdf	1	614541	18957917	0.000000	-
gh-pdfbox	PDFBOX-3038-001033-p2.pdf	1	25060000	65220750	0.000963	-
gh-pdfbox	PDFBOX-3042-003177-p2.pdf	1	13063417	71259917	0.000029	-
gh-pdfbox	PDFBOX-3044-010197-p5-ligatures.pdf	1	37685125	97302667	0.000002	-
gh-pdfbox	PDFBOX-3053-reduced.pdf	1	1652542	21530792	0.000671	-
gh-pdfbox	PDFBOX-3061-092465-reduced.pdf	1	1147625	20106708	0.000000	-
gh-pdfbox	PDFBOX-3062-002207-p1.pdf	1	17941458	73516209	0.000332	-
gh-pdfbox	PDFBOX-3062-005717-p1.pdf	1	4518250	36482042	0.002979	-
gh-pdfbox	PDFBOX-3062-N2MOQ7YZICIYGTPLQJAWJ4HLN6CCEMHZ-reduced.pdf	1	5370542	22884584	0.000033	-
gh-pdfbox	PDFBOX-3067-negativeTf.pdf	1	512083	28964583	0.000745	-
gh-pdfbox	PDFBOX-3110-poems-beads-cropbox.pdf	1	15379375	85757333	0.000857	-
gh-pdfbox	PDFBOX-3110-poems-beads.pdf	1	16345250	86258416	0.000809	-
gh-pdfbox	PDFBOX-3123-ADSFWTRB3HBZBZKEVESVTBRZC2MNKZF5_reduced.pdf	1	704458	24178083	0.006858	-
gh-pdfbox	PDFBOX-3127-RAU4G6QMOVRYBISJU7R6MOVZCRFUO7P4-VFont.pdf	1	5341250	65010958	0.111099	-
gh-pdfbox	PDFBOX-3195.pdf	1	597125	29866292	0.000227	-
gh-pdfbox	PDFBOX-3498-Y5TLCWTIAE3FYDVJTV2TXRZGXLEDUNSW.pdf	1	5486083	22461792	0.000000	-
gh-pdfbox	PDFBOX-3833-reduced.pdf	1	1755208	22215750	0.000000	-
gh-pdfbox	PDFBOX-4322-Empty-ToUnicode-reduced.pdf	1	2619208	23340292	0.002483	-
gh-pdfbox	PDFBOX-4531-bidi-ligature-1.pdf	1	847834	24430583	0.000170	-
gh-pdfbox	PDFBOX-4531-bidi-ligature-2.pdf	1	1436208	24817417	0.000000	-
gh-pdfbox	PDFBOX-4532-reduced.pdf	1	1276833	21207292	0.000000	-
gh-pdfbox	PDFBOX-5002.pdf	1	740292	32209458	0.000994	-
gh-pdfbox	PDFBOX-5350-JX57O5E5YG6XM4FZABPULQGTW4OXPCWA-p1-reduced.pdf	1	5317209	26465292	0.000056	-
gh-pdfbox	PDFBOX-5747-unicode-surrogate-with-diacritic-reduced.pdf	1	1039042	20115500	0.000024	-
gh-pdfbox	PDFBOX-5838-0024320-reduced.pdf	1	4544917	23105583	0.000000	-
gh-pdfbox	PDFBOX-5920-4MQTG6ZXOYSMTQ444KGQOVC6ZFQHWFNY-spaces-reduced.pdf	1	1002750	24943625	0.002395	-
gh-pdfbox	PDFBOX-5920-Y5U2XZCKG2U6TO3FC36NCGOZECHQA2PY-p39-reduced.pdf	1	1239125	21768459	0.000000	-
gh-pdfbox	acroform.pdf	1	2365750	45657083	0.000448	-
gh-pdfbox	attachment.pdf	1	2514708	30782167	0.002140	-
gh-pdfbox	unencrypted.pdf	1	12663542	99455583	0.001566	-
gh-pdfbox	cweb.pdf	1	13156459	42989750	0.000004	-
gh-pdfbox	data-000001.pdf	1	2730583	62367000	0.005255	-
gh-pdfbox	eu-001.pdf	1	12250166	87663209	0.003086	-
gh-pdfbox	hello3.pdf	1	1092041	21569375	0.000004	-
gh-pdfbox	PDFA3A.pdf	1	1341000	29777792	0.000000	-
gh-pdfbox	PDFBOX-4417-001031.pdf	1	9371084	97491875	0.004427	-
gh-pdfbox	PDFBOX-4417-054080.pdf	1	24686416	64273750	0.000000	-
gh-pdfbox	PDFBOX-5762-722238.pdf	1	2255083	38410125	0.000078	-
gh-pdfbox	PDFBOX-5792-240045.pdf	1	9254708	102950000	0.000349	-
gh-pdfbox	PDFBOX-5809-509329.pdf	1	13636792	120033875	0.001316	-
gh-pdfbox	PDFBOX-5811-362972.pdf	1	12105667	69585667	0.000118	-
gh-pdfbox	PDFBOX-5840-410609.pdf	1	8141625	100420083	0.009936	-
gh-pdfbox	PDFBOX-6018-099267-p9-OrphanPopups.pdf	1	538833	18677459	0.000000	-
gh-pdfbox	PDFBox.GlobalResourceMergeTest.Doc01.decoded.pdf	1	12692125	101375334	0.002790	-
gh-pdfbox	PDFBox.GlobalResourceMergeTest.Doc01.pdf	1	13438333	101228125	0.002790	-
gh-pdfbox	PDFBox.GlobalResourceMergeTest.Doc02.decoded.pdf	1	13148333	101513708	0.002790	-
gh-pdfbox	PDFBox.GlobalResourceMergeTest.Doc02.pdf	1	12969583	102796334	0.002790	-
gh-pdfbox	jpegrgb.pdf	1	6295167	64910459	0.011112	-
gh-pdfbox	multitiff.pdf	1	2697291	28311583	0.000373	-
gh-pdfbox	openoffice-test-document.pdf	1	648459	19840125	0.000000	-
gh-pdfbox	4PP-Highlighting.pdf	1	4369917	39222333	0.000000	-
gh-pdfbox	PDFBOX-4372-2DAYCLVOFG3FTVO4RMAJJL3VTPNYDFRO-p4_reduced.pdf	1	1140541	17446917	0.000000	-
gh-pdfbox	source.pdf	1	9598750	77293083	0.000633	-
gh-pdfbox	survey.pdf	1	16757291	61654708	0.002413	-
gh-pdfbox	test-landscape2.pdf	1	1044042	30778625	0.000000	-
gh-pdfbox	tiger-as-form-xobject.pdf	1	172426125	93096583	0.012877	-
gh-pdfbox	rotation.pdf	1	1362125	30375041	0.000000	-
gh-pdfbox	sampleForSpec.pdf	1	894834	36306791	0.000058	-
gh-pdfbox	sample_fonts_solidconvertor.pdf	1	6291875	66543833	0.003979	-
gh-pdfbox	simple-openoffice.pdf	1	829791	20039042	0.000000	-
gh-pdfbox	yaddatest.pdf	1	759625	31044875	0.000000	-
gh-pdfbox	AES128ExposedMeta.pdf	0	0	0	-1.000000	-
gh-pdfbox	AES256ExposedMeta.pdf	0	0	0	-1.000000	-
gh-pdfbox	AESkeylength128.pdf	0	0	0	-1.000000	-
gh-pdfbox	AESkeylength256.pdf	0	0	0	-1.000000	-
gh-pdfbox	Acroform-PDFBOX-2333.pdf	1	22454750	87064875	0.003532	-
gh-pdfbox	PasswordSample-128bit.pdf	0	0	0	-1.000000	-
gh-pdfbox	PasswordSample-256bit.pdf	0	0	0	-1.000000	-
gh-pdfbox	PasswordSample-40bit.pdf	0	0	0	-1.000000	-
gh-pdfbox	preEnc_20141025_105451.pdf	1	727625	46586833	0.000000	-
gh-pdfbox	test.pdf	1	730583	19329708	0.000000	-
gh-pdfbox	AcroFormForMerge-DifferentExportValues.pdf	1	1090958	30734708	0.000000	-
gh-pdfbox	AcroFormForMerge-DifferentFieldType.pdf	1	1622292	29852459	0.000000	-
gh-pdfbox	AcroFormForMerge-DifferentOptions.pdf	1	1068334	30720167	0.000000	-
gh-pdfbox	AcroFormForMerge-SameNameNode.pdf	1	908667	29822583	0.000000	-
gh-pdfbox	AcroFormForMerge-TextFieldsOnly.pdf	1	510250	19046042	0.000000	-
gh-pdfbox	AcroFormForMerge.pdf	1	1205958	30202000	0.000000	-
gh-pdfbox	AcrobatMerge-DifferentExportValues-WasMaster.pdf	1	1445583	30682791	0.000000	-
gh-pdfbox	AcrobatMerge-DifferentExportValues.pdf	1	1156875	31088042	0.000000	-
gh-pdfbox	AcrobatMerge-DifferentFieldType-WasMaster.pdf	1	1115958	31779250	0.000000	-
gh-pdfbox	AcrobatMerge-DifferentFieldType.pdf	1	1135916	31790583	0.000000	-
gh-pdfbox	AcrobatMerge-DifferentOptions-WasMaster.pdf	1	1327167	31060167	0.000000	-
gh-pdfbox	AcrobatMerge-DifferentOptions.pdf	1	1190375	30796042	0.000000	-
gh-pdfbox	AcrobatMerge-SameMerged.pdf	1	1201833	30541792	0.000000	-
gh-pdfbox	AcrobatMerge-SameNameNode.pdf	1	1130750	30525416	0.000000	-
gh-pdfbox	AcrobatMerge-TextFieldsOnly-SameMerged.pdf	1	452000	19062916	0.000000	-
gh-pdfbox	OverlayTestBaseRot0.pdf	1	11269500	121453625	0.000000	-
gh-pdfbox	Overlayed-with-rot0.pdf	1	10608583	125880167	0.000087	-
gh-pdfbox	Overlayed-with-rot180.pdf	1	10939458	125209042	0.000146	-
gh-pdfbox	Overlayed-with-rot270.pdf	1	10702791	124063500	0.000105	-
gh-pdfbox	Overlayed-with-rot90.pdf	1	10692208	123969334	0.000072	-
gh-pdfbox	PDFBOX-6049-ExpectedResult.pdf	1	2430459	40136375	0.004737	-
gh-pdfbox	PDFBOX-6049-Overlay.pdf	1	1189250	35348459	0.000000	-
gh-pdfbox	PDFBOX-6049-Source.pdf	1	653125	32812417	0.004872	-
gh-pdfbox	PDFBoxLegacyMerge-SameMerged.pdf	1	1118459	31326625	0.000000	-
gh-pdfbox	rot0.pdf	1	531875	29919458	0.001100	-
gh-pdfbox	rot180.pdf	1	781292	30741083	0.001600	-
gh-pdfbox	rot270.pdf	1	482750	26133625	0.001187	-
gh-pdfbox	rot90.pdf	1	605458	26703042	0.000950	-
gh-pdfbox	MissingCatalog.pdf	1	587500	18788958	0.000000	-
gh-pdfbox	SimpleForm2Fields.pdf	1	482250	19380250	0.000000	-
gh-pdfbox	embedded_zip.pdf	1	3812666	30819459	0.000664	-
gh-pdfbox	PDFBOX-3068.pdf	1	747708	21055292	0.000000	-
gh-pdfbox	badpagelabels.pdf	1	361292	18455334	0.000000	-
gh-pdfbox	null_PDComplexFileSpecification.pdf	1	614666	28415958	0.000050	-
gh-pdfbox	testPDF_multiFormatEmbFiles.pdf	1	726083	30310167	0.000227	-
gh-pdfbox	PDFBOX-2725-878725.pdf	1	7979250	94089666	0.000276	-
gh-pdfbox	F001u_3_7j.pdf	1	2006583	20792458	0.000000	-
gh-pdfbox	AnnotationTypes.pdf	1	1951875	24532083	0.000000	-
gh-pdfbox	Annotations.pdf	1	10230709	70815750	0.002903	-
gh-pdfbox	PDFBOX-5797-SO79271803.pdf	1	5860417	36106458	0.000741	-
gh-pdfbox	PDSquareAnnotationTest.pdf	1	502084	18671667	0.000000	-
gh-pdfbox	AcroFormsBasicFields.pdf	1	220250875	135586333	0.003536	-
gh-pdfbox	AcroFormsRotation.pdf	1	6326750	53814750	0.000060	-
gh-pdfbox	AlignmentTests.pdf	1	21697125	74284458	0.003402	-
gh-pdfbox	CombTest.pdf	1	936250	31227041	0.000000	-
gh-pdfbox	ControlCharacters.pdf	1	5108250	45333875	0.000124	-
gh-pdfbox	DifferentDALevels.pdf	1	1042875	32435125	0.000000	-
gh-pdfbox	MultilineFields.pdf	1	20802083	57897792	0.000041	-
gh-pdfbox	PDFBOX-3656-SF1199AEG__Complete_.pdf	1	9877584	90541750	0.007068	-
gh-pdfbox	PDFBOX-3835-input-acrobat-wrap.pdf	1	1031334	27543458	0.000016	-
gh-pdfbox	PDFBOX-4958.pdf	1	8729333	35349333	0.000078	-
gh-pdfbox	PDFBOX-5784.pdf	1	5033459	48435958	0.000000	-
gh-pdfbox	PDFBOX3812-acrobat-multiline-auto.pdf	1	1957042	51340375	0.000654	-
gh-pdfbox	transitions_test.pdf	1	638709	29483667	0.000029	-
gh-pdfbox	page_tree_multiple_levels.pdf	1	640583	28329875	0.000041	-
gh-pdfbox	test.unc.pdf	1	1937542	25296791	0.000000	-
gh-pdfbox	test_pagelabels.pdf	1	1651583	29131875	0.000000	-
gh-pdfbox	with_outline.pdf	1	1153166	22680792	0.000162	-
gh-pdfbox	BidiSample.pdf	1	6765250	32632042	0.000016	-
gh-pdfbox	JBIG2Image.pdf	1	1893917	27480167	0.067968	-
gh-pdfbox	JPXTestCMYK.pdf	1	32873125	76529791	0.000285	-
gh-pdfbox	JPXTestGrey.pdf	1	3660667	52119459	0.000179	-
gh-pdfbox	JPXTestRGB.pdf	1	17966250	69690625	0.000444	-
gh-pdfbox	ccitt4-cib-test.pdf	1	20704833	58398042	0.003984	-
gh-pdfbox	jpeg_demo.pdf	1	4151000	82160417	0.005089	-
gh-pdfbox	png_demo.pdf	1	2669791	46400166	0.002719	-
gh-pdfbox	raw_image_demo.pdf	1	230958	22370584	0.024709	-
gh-pdfbox	AngledExample.pdf	1	5905875	29662292	0.001441	-
gh-pdfbox	testPDFPackage.pdf	1	9192500	43715334	0.000313	-
gh-pdfcpu	form_demo_arabic.pdf	1	8947250	50113334	0.000106	-
gh-pdfcpu	form_demo_armenian.pdf	1	9199750	51793958	0.000601	-
gh-pdfcpu	form_demo_azerbaijani.pdf	1	9237333	53077375	0.000601	-
gh-pdfcpu	form_demo_bangla.pdf	1	9867375	53315250	0.000601	-
gh-pdfcpu	form_demo_belarusian.pdf	1	5381542	56082916	0.000677	-
gh-pdfcpu	form_demo_bulgarian.pdf	1	5212042	52280500	0.000681	-
gh-pdfcpu	form_demo_chineseSimple.pdf	1	9843791	84507125	0.002101	-
gh-pdfcpu	form_demo_chineseTraditional.pdf	1	9510459	94506042	0.001968	-
gh-pdfcpu	form_demo_croatian.pdf	1	4947125	50487917	0.000664	-
gh-pdfcpu	form_demo_czech.pdf	1	5204209	50999459	0.000679	-
gh-pdfcpu	form_demo_danish.pdf	1	4712334	54881500	0.001773	-
gh-pdfcpu	form_demo_dutch.pdf	1	4502084	53413042	0.000641	-
gh-pdfcpu	form_demo_english.pdf	1	4581084	55333875	0.001418	-
gh-pdfcpu	form_demo_finnish.pdf	1	4548167	55886917	0.001961	-
gh-pdfcpu	form_demo_french.pdf	1	4856250	57817125	0.003038	-
gh-pdfcpu	form_demo_german.pdf	1	4427959	56465583	0.001817	-
gh-pdfcpu	form_demo_greek.pdf	1	5783292	54318000	0.000685	-
gh-pdfcpu	form_demo_hebrew.pdf	1	9001708	49146500	0.000601	-
gh-pdfcpu	form_demo_hindi.pdf	1	9742167	53301625	0.000601	-
gh-pdfcpu	form_demo_hungarian.pdf	1	5004834	54486208	0.000673	-
gh-pdfcpu	form_demo_icelandic.pdf	1	4552833	57372667	0.002226	-
gh-pdfcpu	form_demo_indonesian.pdf	1	4639208	54744208	0.000664	-
gh-pdfcpu	form_demo_italian.pdf	1	4604417	56657542	0.002372	-
gh-pdfcpu	form_demo_japanese.pdf	1	9928709	92151542	0.002863	-
gh-pdfcpu	form_demo_korean.pdf	1	8982375	81209125	0.002370	-
gh-pdfcpu	form_demo_kurdish.pdf	1	5269041	49253084	0.000681	-
gh-pdfcpu	form_demo_marathi.pdf	1	9884042	54046334	0.000601	-
gh-pdfcpu	form_demo_norwegian.pdf	1	4978833	55036792	0.001538	-
gh-pdfcpu	form_demo_persian.pdf	1	9296500	51197375	0.000601	-
gh-pdfcpu	form_demo_polish.pdf	1	5600542	52519500	0.000679	-
gh-pdfcpu	form_demo_portuguese.pdf	1	4646542	58857542	0.002901	-
gh-pdfcpu	form_demo_romanian.pdf	1	5298500	51613083	0.000698	-
gh-pdfcpu	form_demo_russian.pdf	1	5407125	54393292	0.000719	-
gh-pdfcpu	form_demo_slovak.pdf	1	4643500	56330333	0.001813	-
gh-pdfcpu	form_demo_slovenian.pdf	1	4329834	55275458	0.001678	-
gh-pdfcpu	form_demo_spanish.pdf	1	4965625	56941875	0.002875	-
gh-pdfcpu	form_demo_swahili.pdf	1	4842583	54887542	0.000694	-
gh-pdfcpu	form_demo_swedish.pdf	1	4865917	54520333	0.000650	-
gh-pdfcpu	form_demo_thai.pdf	1	9206916	52531416	0.000601	-
gh-pdfcpu	form_demo_turkish.pdf	1	4972167	50818459	0.000658	-
gh-pdfcpu	form_demo_ukrainian.pdf	1	5395958	53970666	0.000679	-
gh-pdfcpu	form_demo_urdu.pdf	1	9044917	50351541	0.000601	-
gh-pdfcpu	form_demo_vietnamese.pdf	1	5667333	52965417	0.000683	-
gh-pdfcpu	form_demoSinglePage_arabic.pdf	1	9071708	71025541	0.000666	-
gh-pdfcpu	form_demoSinglePage_chineseSimple.pdf	1	9726125	90461542	0.003004	-
gh-pdfcpu	form_demoSinglePage_english.pdf	1	4278292	58663917	0.001953	-
gh-pdfcpu	form_demoSinglePage_person.pdf	1	4069917	49567041	0.002604	-
gh-pdfcpu	form_demoSinglePage_ukrainian.pdf	1	5555959	80474792	0.000745	-
gh-pdfcpu	form_fill_arabic.pdf	1	8681958	58769917	0.000666	-
gh-pdfcpu	form_fill_chineseSimple.pdf	1	10834208	83530959	0.001195	-
gh-pdfcpu	form_fill_english.pdf	1	4148959	57810875	0.001993	-
gh-pdfcpu	form_fill_person.pdf	1	4867292	56651458	0.018269	-
gh-pdfcpu	form_fill_ukrainian.pdf	1	5390125	60294125	0.000736	-
gh-pdfcpu	form_flow_createFormAndUpdatePageCJKUserFont.pdf	1	9823292	84994333	0.002101	-
gh-pdfcpu	form_flow_createFormAndUpdatePageCoreFont.pdf	1	4709458	57111042	0.001418	-
gh-pdfcpu	form_flow_createFormAndUpdatePageUserFont.pdf	1	6404000	58830000	0.000679	-
gh-pdfcpu	form_flow_readFormAndUpdateFormCJK.pdf	1	9715541	91375833	0.002109	-
gh-pdfcpu	form_flow_readFormAndUpdateFormCoreFont.pdf	1	4733292	62496666	0.001426	-
gh-pdfcpu	form_flow_readFormAndUpdateFormUserFont.pdf	1	5917291	61578791	0.000683	-
gh-pdfcpu	form_lock_arabic-locked.pdf	1	9878541	54218666	0.000658	-
gh-pdfcpu	form_lock_arabic-unlocked.pdf	1	9118625	70774834	0.000666	-
gh-pdfcpu	form_lock_chineseSimple-locked.pdf	1	10851417	88979541	0.002996	-
gh-pdfcpu	form_lock_chineseSimple-unlocked.pdf	1	9599416	88015541	0.003004	-
gh-pdfcpu	form_lock_english-locked.pdf	1	6163291	61226000	0.001470	-
gh-pdfcpu	form_lock_english-unlocked.pdf	1	4668292	59121541	0.001953	-
gh-pdfcpu	form_lock_person-locked.pdf	1	5091292	50447584	0.002048	-
gh-pdfcpu	form_lock_person-unlocked.pdf	1	3590458	48433375	0.002604	-
gh-pdfcpu	form_lock_ukrainian-locked.pdf	1	5762750	59702125	0.000736	-
gh-pdfcpu	form_lock_ukrainian-unlocked.pdf	1	5637042	79561083	0.000745	-
gh-pdfcpu	form_multifill_csv_Jackie.pdf	1	5662708	61008875	0.002490	-
gh-pdfcpu	form_multifill_csv_Jane.pdf	1	4533375	63712250	0.004944	-
gh-pdfcpu	form_multifill_csv_Joe.pdf	1	5866125	62310125	0.006254	-
gh-pdfcpu	form_multifill_csv_merge_english.pdf	1	4691458	63359500	0.004944	-
gh-pdfcpu	form_multifill_csv_merge_person.pdf	1	6075375	84057750	0.003317	-
gh-pdfcpu	form_multifill_csv_person_01.pdf	1	5934042	74000958	0.003317	-
gh-pdfcpu	form_multifill_csv_person_02.pdf	1	7278583	65889792	0.002120	-
gh-pdfcpu	form_multifill_csv_person_03.pdf	1	5838834	61262208	0.003260	-
gh-pdfcpu	form_multifill_csv_person_04.pdf	1	6885875	63432875	0.003482	-
gh-pdfcpu	form_multifill_csv_person_05.pdf	1	6143334	61827375	0.003413	-
gh-pdfcpu	form_multifill_csv_person_06.pdf	1	5883208	72321625	0.003904	-
gh-pdfcpu	form_multifill_csv_person_07.pdf	1	6273666	64582333	0.003569	-
gh-pdfcpu	form_multifill_csv_person_08.pdf	1	5829417	63718959	0.004166	-
gh-pdfcpu	form_multifill_csv_person_09.pdf	1	5628083	80468542	0.004380	-
gh-pdfcpu	form_multifill_csv_person_10.pdf	1	7260291	60316291	0.005482	-
gh-pdfcpu	form_multifill_csv_person_11.pdf	1	6296375	61525500	0.003006	-
gh-pdfcpu	form_multifill_csv_person_12.pdf	1	6027958	65177417	0.003100	-
gh-pdfcpu	form_multifill_csv_person_13.pdf	1	6925833	64409625	0.003281	-
gh-pdfcpu	form_multifill_csv_person_14.pdf	1	5966250	68300084	0.004274	-
gh-pdfcpu	form_multifill_csv_person_15.pdf	1	6181584	66810291	0.003290	-
gh-pdfcpu	form_multifill_csv_person_16.pdf	1	7070667	89420875	0.002704	-
gh-pdfcpu	form_multifill_csv_person_17.pdf	1	5726041	74470708	0.004551	-
gh-pdfcpu	form_multifill_csv_person_18.pdf	1	7125375	61011666	0.004208	-
gh-pdfcpu	form_multifill_csv_person_19.pdf	1	6924167	61517042	0.003772	-
gh-pdfcpu	form_multifill_csv_person_20.pdf	1	6088250	64692209	0.003315	-
gh-pdfcpu	form_multifill_csv_person_21.pdf	1	6668250	77358834	0.003990	-
gh-pdfcpu	form_multifill_csv_person_22.pdf	1	6456792	61601583	0.003772	-
gh-pdfcpu	form_multifill_csv_person_23.pdf	1	5435959	64805917	0.003351	-
gh-pdfcpu	form_multifill_csv_person_24.pdf	1	6877500	65069959	0.004644	-
gh-pdfcpu	form_multifill_csv_person_25.pdf	1	6582583	63545292	0.005615	-
gh-pdfcpu	form_multifill_csv_person_26.pdf	1	6237583	65994500	0.002992	-
gh-pdfcpu	form_multifill_csv_person_27.pdf	1	7160792	59665375	0.003013	-
gh-pdfcpu	form_multifill_csv_person_28.pdf	1	5786875	62143958	0.003146	-
gh-pdfcpu	form_multifill_csv_person_29.pdf	1	8605292	65634792	0.003521	-
gh-pdfcpu	form_multifill_csv_person_30.pdf	1	5944042	71469250	0.004699	-
gh-pdfcpu	form_multifill_csv_person_31.pdf	1	7367875	61134541	0.004435	-
gh-pdfcpu	form_multifill_csv_person_32.pdf	1	6143250	69022208	0.003152	-
gh-pdfcpu	form_multifill_csv_person_33.pdf	1	6591833	64420958	0.003324	-
gh-pdfcpu	form_multifill_csv_person_34.pdf	1	7463333	70468375	0.003874	-
gh-pdfcpu	form_multifill_csv_person_35.pdf	1	6878542	59888125	0.003281	-
gh-pdfcpu	form_multifill_csv_person_36.pdf	1	7198459	62767584	0.004223	-
gh-pdfcpu	form_multifill_csv_person_37.pdf	1	6753000	64431916	0.003379	-
gh-pdfcpu	form_multifill_csv_person_38.pdf	1	6632417	62680208	0.004206	-
gh-pdfcpu	form_multifill_csv_person_39.pdf	1	6529125	63318000	0.003402	-
gh-pdfcpu	form_multifill_json_Jackie.pdf	1	6343000	69332667	0.003576	-
gh-pdfcpu	form_multifill_json_Jane.pdf	1	5469041	60308917	0.017247	-
gh-pdfcpu	form_multifill_json_Joe.pdf	1	6288292	80869833	0.010337	-
gh-pdfcpu	form_multifill_json_merge_english.pdf	1	5257250	60733875	0.017247	-
gh-pdfcpu	form_multifill_json_merge_person.pdf	1	6345666	65623041	0.002391	-
gh-pdfcpu	form_multifill_json_person_01.pdf	1	6435041	64117958	0.002391	-
gh-pdfcpu	form_multifill_json_person_02.pdf	1	6119334	64814208	0.003404	-
gh-pdfcpu	form_multifill_json_person_03.pdf	1	6568667	65987041	0.002401	-
gh-pdfcpu	form_primitives_checkbox.pdf	1	8058375	70622250	0.004195	-
gh-pdfcpu	form_primitives_checkboxGroup.pdf	1	9621333	75632167	0.002748	-
gh-pdfcpu	form_primitives_combobox.pdf	1	6709542	58625458	0.052415	-
gh-pdfcpu	form_primitives_comboboxGroup.pdf	1	7718000	60821625	0.074110	-
gh-pdfcpu	form_primitives_datefield.pdf	1	8882500	67104750	0.001255	-
gh-pdfcpu	form_primitives_datefieldGroup.pdf	1	8951083	68117083	0.001688	-
gh-pdfcpu	form_primitives_listbox.pdf	1	11093250	66260042	0.001096	-
gh-pdfcpu	form_primitives_listboxGroup.pdf	1	10797959	70477875	0.001519	-
gh-pdfcpu	form_primitives_radiobuttonsHor.pdf	1	12176458	74002000	0.003609	-
gh-pdfcpu	form_primitives_radiobuttonsHorGroup.pdf	1	12990625	78646208	0.004126	-
gh-pdfcpu	form_primitives_radiobuttonsVertL.pdf	1	10443709	63433458	0.002154	-
gh-pdfcpu	form_primitives_radiobuttonsVertLGroup.pdf	1	10510334	68362792	0.002397	-
gh-pdfcpu	form_primitives_radiobuttonsVertR.pdf	1	9884917	63882166	0.002183	-
gh-pdfcpu	form_primitives_radiobuttonsVertRGroup.pdf	1	10299084	67884958	0.002435	-
gh-pdfcpu	form_primitives_textarea.pdf	1	9295083	63428459	0.002604	-
gh-pdfcpu	form_primitives_textareaGroup.pdf	1	10327000	63459042	0.001650	-
gh-pdfcpu	form_primitives_textfield.pdf	1	8697291	65381750	0.001343	-
gh-pdfcpu	form_primitives_textfieldGroup.pdf	1	9964334	68124292	0.001777	-
gh-pdfcpu	form_primitives_textfieldGroupSingle.pdf	1	8043750	57815875	0.002351	-
gh-pdfcpu	form_remove_removedField.pdf	1	4103667	54305958	0.001418	-
gh-pdfcpu	form_reset_arabic-reset.pdf	1	9163125	55675542	0.000601	-
gh-pdfcpu	form_reset_chineseSimple-reset.pdf	1	10463708	82780000	0.000781	-
gh-pdfcpu	form_reset_english-reset.pdf	1	4586833	54287750	0.003482	-
gh-pdfcpu	form_reset_person-reset.pdf	1	3862375	48479833	0.002604	-
gh-pdfcpu	form_reset_ukrainian-reset.pdf	1	5243792	71273375	0.000624	-
gh-pdfcpu	pkg_testdata_Acroforms2.pdf	1	27320041	104004333	0.000099	-
gh-pypdf	001-trivial_minimal-document.pdf	1	6014583	29935042	0.000000	-
gh-pypdf	002-trivial-libre-office-writer_002-trivial-libre-office-writer.pdf	1	3323416	30845750	0.000012	-
gh-pypdf	003-pdflatex-image_pdflatex-image.pdf	1	9599875	50172000	0.000795	-
gh-pypdf	004-pdflatex-4-pages_pdflatex-4-pages.pdf	1	31325000	85334083	0.000000	-
gh-pypdf	005-libreoffice-writer-password_libreoffice-writer-password.pdf	0	0	0	-1.000000	-
gh-pypdf	006-pdflatex-outline_pdflatex-outline.pdf	1	1897125	26552916	0.000590	-
gh-pypdf	007-imagemagick-images_imagemagick-ASCII85Decode.pdf	1	30250	11583417	0.000000	-
gh-pypdf	007-imagemagick-images_imagemagick-CCITTFaxDecode.pdf	1	31708	10395958	0.000000	-
gh-pypdf	007-imagemagick-images_imagemagick-images.pdf	1	229959	19822000	0.000000	-
gh-pypdf	007-imagemagick-images_imagemagick-lzw.pdf	1	63209	10702375	0.000000	-
gh-pypdf	008-reportlab-inline-image_inline-image.pdf	1	736375	28890875	0.001781	-
gh-pypdf	009-pdflatex-geotopo_GeoTopo-komprimiert.pdf	1	13134250	59118125	0.000000	-
gh-pypdf	009-pdflatex-geotopo_GeoTopo.pdf	1	13954958	62826250	0.000000	-
gh-pypdf	010-pdflatex-forms_pdflatex-forms.pdf	1	1376250	20837208	0.000167	-
gh-pypdf	011-google-doc-document_google-doc-document.pdf	1	9602542	60321584	0.000279	-
gh-pypdf	012-libreoffice-form_libreoffice-form.pdf	1	1918667	38764000	0.000418	-
gh-pypdf	013-reportlab-overlay_reportlab-overlay.pdf	1	1146334	21600459	0.000028	-
gh-pypdf	014-outlines_mistitled_outlines_example.pdf	1	1692291	25687250	0.000590	-
gh-pypdf	015-arabic_habibi-oneline-cmap.pdf	1	1172875	20368958	0.000000	-
gh-pypdf	015-arabic_habibi-rotated.pdf	1	877584	20395417	0.000002	-
gh-pypdf	015-arabic_habibi.pdf	1	982708	20248125	0.000000	-
gh-pypdf	016-libre-office-link_libre-office-link.pdf	1	892125	20610625	0.000132	-
gh-pypdf	017-unreadable-meta-data_unreadablemetadata.pdf	1	6262375	23449292	-1.000000	-
gh-pypdf	018-base64-image_base64image.pdf	1	16467375	96446375	0.001229	-
gh-pypdf	019-grayscale-image_grayscale-image.pdf	1	1364375	35817666	0.006769	-
gh-pypdf	020-xmp_output_with_metadata_pymupdf.pdf	1	672084	29213291	0.000000	-
gh-pypdf	021-pdfa_crazyones-pdfa.pdf	1	11060042	35216625	0.000000	-
gh-pypdf	022-pdfkit_pdfkit.pdf	1	6268459	24517000	0.000425	-
gh-pypdf	023-cmyk-image_cmyk-image.pdf	1	8767917	107275833	0.000146	-
gh-pypdf	024-annotations_annotated_pdf.pdf	1	824875	37578000	0.001032	-
gh-pypdf	025-attachment_with-attachment.pdf	1	6882917	30379750	0.000000	-
gh-pypdf	026-latex-multicolumn_multicolumn.pdf	1	28519334	77213625	0.000000	-
gh-pypdf	027-cropped-rotated-scaled_cropped-rotated-scaled.pdf	1	21765583	37340875	0.006464	-
gh-pypdf	028-image-references-deduplication_wrong-references.pdf	1	6503459	39439250	0.005705	-
gh-qpdf	examples_qtest_overlay-page_annotations-out.pdf	1	5738875	54109542	0.002866	-
gh-qpdf	examples_qtest_overlay-page_annotations.pdf	1	3057250	48971334	0.002866	-
gh-qpdf	examples_qtest_qpdfjob-remove-annotations_annotations-out.pdf	1	2319583	45397291	0.002734	-
gh-qpdf	examples_qtest_qpdfjob-remove-annotations_annotations.pdf	1	2594750	48399542	0.002866	-
gh-qpdf	examples_qtest_set-form-values_form-in.pdf	1	2102959	37919875	0.000239	-
gh-qpdf	examples_qtest_set-form-values_form-out.pdf	1	2035625	42637333	0.000239	-
gh-qpdf	qpdf_qtest_qpdf_annotation-no-resources-out.pdf	1	995041	20686792	0.001009	-
gh-qpdf	qpdf_qtest_qpdf_annotation-no-resources.pdf	1	1110833	20130334	0.001009	-
gh-qpdf	qpdf_qtest_qpdf_annotations-foreign-file.out.pdf	1	3341583	49737666	0.002866	-
gh-qpdf	qpdf_qtest_qpdf_annotations-no-acroform-with-p.out.pdf	1	2543417	48435500	0.002866	-
gh-qpdf	qpdf_qtest_qpdf_annotations-no-acroform-with-p.pdf	1	2623083	48969583	0.002866	-
gh-qpdf	qpdf_qtest_qpdf_annotations-no-acroform.pdf	1	2663834	49183750	0.002866	-
gh-qpdf	qpdf_qtest_qpdf_annotations-rotated-180.pdf	1	3166333	50081250	0.003893	-
gh-qpdf	qpdf_qtest_qpdf_annotations-rotated-270.pdf	1	2492958	61619583	0.003905	-
gh-qpdf	qpdf_qtest_qpdf_annotations-rotated-90.pdf	1	3172042	60163125	0.004258	-
gh-qpdf	qpdf_qtest_qpdf_annotations-same-file.out.pdf	1	3047500	48827667	0.002866	-
gh-qpdf	qpdf_qtest_qpdf_attachment-fields.pdf	1	602333	29539166	0.000033	-
gh-qpdf	qpdf_qtest_qpdf_comment-annotation-direct-out.pdf	1	730250	29506041	0.000033	-
gh-qpdf	qpdf_qtest_qpdf_comment-annotation-direct.pdf	1	704833	29863000	0.000033	-
gh-qpdf	qpdf_qtest_qpdf_comment-annotation-out.pdf	1	712459	30455959	0.000033	-
gh-qpdf	qpdf_qtest_qpdf_comment-annotation.pdf	1	696042	29615916	0.000033	-
gh-qpdf	qpdf_qtest_qpdf_field-parse-errors-out.pdf	1	708125	29768291	0.000083	-
gh-qpdf	qpdf_qtest_qpdf_field-parse-errors.pdf	1	741375	28932375	0.000083	-
gh-qpdf	qpdf_qtest_qpdf_field-resource-conflict.pdf	1	815667	29909792	0.000083	-
gh-qpdf	qpdf_qtest_qpdf_field-types.pdf	1	2939250	54944542	0.001714	-
gh-qpdf	qpdf_qtest_qpdf_fields-pages-out.pdf	1	3336625	50206625	0.002866	-
gh-qpdf	qpdf_qtest_qpdf_fields-split-1.pdf	1	2631500	49594750	0.002866	-
gh-qpdf	qpdf_qtest_qpdf_fields-split-2.pdf	1	3443958	52348709	0.000772	-
gh-qpdf	qpdf_qtest_qpdf_fields-two-pages.pdf	1	3403625	49789875	0.002866	-
gh-qpdf	qpdf_qtest_qpdf_form-bad-fields-array.pdf	1	1624917	39330417	0.000173	-
gh-qpdf	qpdf_qtest_qpdf_form-document-defaults.pdf	1	1909542	39540291	0.000206	-
gh-qpdf	qpdf_qtest_qpdf_form-empty-from-odt.pdf	1	2317625	38347750	0.000239	-
gh-qpdf	qpdf_qtest_qpdf_form-errors.pdf	1	1728541	39432083	0.000239	-
gh-qpdf	qpdf_qtest_qpdf_form-fields-and-annotations-shared.pdf	1	3164208	48991875	0.002866	-
gh-qpdf	qpdf_qtest_qpdf_form-fields-and-annotations.pdf	1	3039125	49349625	0.002866	-
gh-qpdf	qpdf_qtest_qpdf_form-filled-by-acrobat-out.pdf	1	1785208	41279833	0.000138	-
gh-qpdf	qpdf_qtest_qpdf_form-filled-by-acrobat.pdf	1	2066250	42179833	0.000138	-
gh-qpdf	qpdf_qtest_qpdf_form-filled-with-atril.pdf	1	1859250	41899417	0.001384	-
gh-qpdf	qpdf_qtest_qpdf_form-mod1.pdf	1	1697709	38715125	0.000206	-
gh-qpdf	qpdf_qtest_qpdf_form-no-need-appearances-filled.pdf	1	819667	29674458	0.000592	-
gh-qpdf	qpdf_qtest_qpdf_form-no-need-appearances.pdf	1	928834	19372000	0.000099	-
gh-qpdf	qpdf_qtest_qpdf_form-xobjects-no-resources-out.pdf	1	1896417	33271709	0.000256	-
gh-qpdf	qpdf_qtest_qpdf_form-xobjects-no-resources.pdf	1	1818292	31948875	0.000256	-
gh-qpdf	qpdf_qtest_qpdf_form-xobjects-out.pdf	1	1278000	31317875	0.000035	-
gh-qpdf	qpdf_qtest_qpdf_form-xobjects-some-resources1-out.pdf	1	1691875	31991667	0.021873	-
gh-qpdf	qpdf_qtest_qpdf_form-xobjects-some-resources1.pdf	1	1992250	32385875	0.021873	-
gh-qpdf	qpdf_qtest_qpdf_form-xobjects-some-resources2-out.pdf	1	1008791	33752208	0.085399	-
gh-qpdf	qpdf_qtest_qpdf_form-xobjects-some-resources2.pdf	1	1114000	32192583	0.085399	-
gh-qpdf	qpdf_qtest_qpdf_json-changed-form-fields-and-annotations.pdf	1	2680500	49539041	0.002866	-
gh-qpdf	qpdf_qtest_qpdf_kept-no-fields.pdf	1	741875	29738750	0.000033	-
gh-qpdf	qpdf_qtest_qpdf_kept-some-fields.pdf	1	3473958	48886792	0.002866	-
gh-qpdf	qpdf_qtest_qpdf_link-annots.pdf	1	606000	30169417	0.000161	-
gh-qpdf	qpdf_qtest_qpdf_nested-form-xobjects-inline-images-ii-all.pdf	1	2331541	32472042	0.000256	-
gh-qpdf	qpdf_qtest_qpdf_nested-form-xobjects-inline-images-ii-some.pdf	1	1733167	32547500	0.000256	-
gh-qpdf	qpdf_qtest_qpdf_nested-form-xobjects-inline-images.pdf	1	1831750	32585792	0.000256	-
gh-qpdf	qpdf_qtest_qpdf_nested-form-xobjects.pdf	1	2317250	31995958	0.000256	-
gh-qpdf	qpdf_qtest_qpdf_overlay-copy-annotations-p1.pdf	1	9295959	54242000	0.002936	-
gh-qpdf	qpdf_qtest_qpdf_overlay-copy-annotations-p2.pdf	1	6120292	43089167	0.000008	-
gh-qpdf	qpdf_qtest_qpdf_overlay-copy-annotations-p5.pdf	1	7471708	51271167	0.000745	-
gh-qpdf	qpdf_qtest_qpdf_overlay-copy-annotations-p6.pdf	1	7050667	50488959	0.000371	-
gh-qpdf	qpdf_qtest_qpdf_overlay-copy-annotations.pdf	1	8306833	55432250	0.002901	-
gh-qpdf	qpdf_qtest_qpdf_remove-acroform-out.pdf	1	1883875	41564208	0.001304	-
gh-qpdf	qpdf_qtest_qpdf_resolved-field-conflicts.pdf	1	3208458	49096750	0.002866	-
gh-qpdf	qpdf_qtest_qpdf_rotated-shared-annotations-1.pdf	1	2573917	59222084	0.004258	-
gh-qpdf	qpdf_qtest_qpdf_rotated-shared-annotations-2.pdf	1	3097500	60138333	0.004258	-
gh-qpdf	qpdf_qtest_qpdf_sample-form-out.pdf	1	1603875	32949875	0.000026	-
gh-qpdf	qpdf_qtest_qpdf_sample-form.pdf	1	1134208	33268166	0.000026	-
gh-qpdf	qpdf_qtest_qpdf_shared-form-images-merged.pdf	1	3817708	40348333	0.000012	-
gh-qpdf	qpdf_qtest_qpdf_shared-form-images-xobject.pdf	1	4166000	40065083	0.000012	-
gh-qpdf	qpdf_qtest_qpdf_shared-form-images.pdf	1	3710917	40973292	0.000012	-
gh-qpdf	qpdf_qtest_qpdf_shared-form-split-1.pdf	1	3979667	40316041	0.000012	-
gh-qpdf	qpdf_qtest_qpdf_shared-form-split-2.pdf	1	3438875	42722291	0.000012	-
gh-qpdf	qpdf_qtest_qpdf_shared-form-split-3.pdf	1	4230375	37898000	0.000012	-
gh-qpdf	qpdf_qtest_qpdf_shared-form-split-4.pdf	1	3628750	36836750	0.000012	-
gh-qpdf	qpdf_qtest_qpdf_shared-form-split-5.pdf	1	4228708	38147334	0.000012	-
gh-qpdf	qpdf_qtest_qpdf_shared-form-split-6.pdf	1	3491875	36349500	0.000012	-
gh-qpdf	qpdf_qtest_qpdf_shared-form-xobject-split-1.pdf	1	4102375	40226166	0.000012	-
gh-qpdf	qpdf_qtest_qpdf_shared-form-xobject-split-2.pdf	1	3642333	42546291	0.000012	-
gh-qpdf	qpdf_qtest_qpdf_shared-unnamed-field.pdf	1	521667	120010090208	-1.000000	pdftoppm
gh-qpdf	qpdf_qtest_storage_field-types.pdf	1	2980917	54080792	0.001714	-
gh-qpdf	qpdf_qtest_storage_form.pdf	1	1911417	37108166	0.000239	-
gh-safedocs	CompactedSyntax_CompactedPDFSyntaxMatrix.pdf	1	18681500	117491083	0.010905	-
gh-safedocs	CompactedSyntax_CompactedPDFSyntaxTest.pdf	1	3771667	48915542	0.008361	-
gh-safedocs	Dialects_Dialect-ContentStreams.pdf	1	2539083	65529708	0.015421	-
gh-safedocs	Dialects_Dialect-ContentStreamsViaResourceNames.pdf	1	2679208	65214250	0.015421	-
gh-safedocs	Dialects_Dialect-ContentStreamsWithIndirectRefs.pdf	1	2727000	65063709	0.015421	-
gh-safedocs	Dialects_Dialect-DictIsStream.pdf	1	200750	10310625	-1.000000	-
gh-safedocs	Dialects_Dialect-StreamIsDict.pdf	1	28250	10974000	0.000000	-
gh-safedocs	Inline_Image_Abbreviations_InlineAbbreviations.pdf	1	3604583	50409000	0.085642	-
gh-safedocs	Miscellaneous_Targeted_Test_PDFs_ContentStreamCycleType3insideType3.pdf	1	26370250	50395000	0.001907	-
gh-safedocs	Miscellaneous_Targeted_Test_PDFs_ContentStreamNoCycleType3insideType3.pdf	1	3358083	42307583	0.001663	-
gh-safedocs	Miscellaneous_Targeted_Test_PDFs_Dual-startxref.pdf	1	1016750	37446166	0.000456	-
gh-safedocs	Miscellaneous_Targeted_Test_PDFs_FontinsideType3insideType3.pdf	1	1186292	34520750	0.000081	-
gh-safedocs	Miscellaneous_Targeted_Test_PDFs_LinkAnnot-appearances.pdf	1	790792	27014167	0.002476	-
gh-safedocs	Miscellaneous_Targeted_Test_PDFs_PDF-NoPageContents.pdf	1	845292	23084625	0.000000	-
gh-safedocs	Miscellaneous_Targeted_Test_PDFs_PatternTextInsideText.pdf	1	5228709	33211125	0.135740	-
gh-safedocs	Miscellaneous_Targeted_Test_PDFs_list-of-uri-actions-with-base.pdf	1	2696584	39969958	0.003753	-
gh-safedocs	Miscellaneous_Targeted_Test_PDFs_list-of-uri-actions.pdf	1	935750	32251583	0.003755	-
gh-safedocs	Miscellaneous_Targeted_Test_PDFs_uri-ismap-test.pdf	1	8170709	111707584	0.008198	-
gh-safedocs	Miscellaneous_Targeted_Test_PDFs_utf16LE-test.pdf	1	2918750	38720833	0.000379	-
gh-safedocs	Unicode_passwords_baseline_unicode-test-actualtext.pdf	1	600208	22414250	0.002032	-
gh-safedocs	Unicode_passwords_baseline_unicode-test.pdf	1	797000	22156750	0.001563	-
gh-safedocs	Unicode_passwords_corrigendum4_unicode-test-U2F874-correct.pdf	0	0	0	-1.000000	-
gh-safedocs	Unicode_passwords_corrigendum4_unicode-test-U2F874-wrong.pdf	0	0	0	-1.000000	-
gh-safedocs	Unicode_passwords_corrigendum5_unicode-corrigendum5-fixed.pdf	0	0	0	-1.000000	-
gh-safedocs	Unicode_passwords_corrigendum5_unicode-corrigendum5-unicode32-once.pdf	0	0	0	-1.000000	-
gh-safedocs	Unicode_passwords_corrigendum5_unicode-corrigendum5-unicode32-twice.pdf	0	0	0	-1.000000	-
gh-verapdf	Isartor_test_files_PDFA-1b_6.2_Graphics_6.2.5_Form_Xobjects_isartor-6-2-5-t01-fail-a.pdf	1	598375	18304292	0.000000	-
gh-verapdf	Isartor_test_files_PDFA-1b_6.7_Metadata_6.7.11_Version_and_conformance_level_identification_isartor-6-7-11-t01-fail-a.pdf	1	388500	18958542	0.000000	-
gh-verapdf	Isartor_test_files_PDFA-1b_6.7_Metadata_6.7.11_Version_and_conformance_level_identification_isartor-6-7-11-t01-fail-b.pdf	1	434541	18987875	0.000000	-
gh-verapdf	Isartor_test_files_PDFA-1b_6.7_Metadata_6.7.11_Version_and_conformance_level_identification_isartor-6-7-11-t01-fail-c.pdf	1	478834	18915250	0.000000	-
gh-verapdf	Isartor_test_files_PDFA-1b_6.7_Metadata_6.7.11_Version_and_conformance_level_identification_isartor-6-7-11-t01-fail-d.pdf	1	532542	19071958	0.000000	-
gh-verapdf	Isartor_test_files_PDFA-1b_6.7_Metadata_6.7.3_Document_information_dictionary_isartor-6-7-3-t01-fail-a.pdf	1	470375	18839250	0.000000	-
gh-verapdf	Isartor_test_files_PDFA-1b_6.7_Metadata_6.7.3_Document_information_dictionary_isartor-6-7-3-t01-fail-b.pdf	1	498125	19143334	0.000000	-
gh-verapdf	Isartor_test_files_PDFA-1b_6.7_Metadata_6.7.3_Document_information_dictionary_isartor-6-7-3-t01-fail-c.pdf	1	524958	18674541	0.000000	-
gh-verapdf	Isartor_test_files_PDFA-1b_6.9_Interactive_Forms_isartor-6-9-t01-fail-a.pdf	1	650917	30872667	0.003341	-
gh-verapdf	Isartor_test_files_PDFA-1b_6.9_Interactive_Forms_isartor-6-9-t02-fail-a.pdf	1	1265958	29286416	0.000639	-
gh-verapdf	Isartor_test_files_PDFA-1b_6.9_Interactive_Forms_isartor-6-9-t02-fail-b.pdf	1	1047417	28691500	0.000639	-
gh-verapdf	PDF_A-1a_6.7_Metadata_6.7.11_Version_and_conformance_level_identification_veraPDF_test_suite_6-7-11-t01-fail-a.pdf	1	490666	18727459	0.000000	-
gh-verapdf	PDF_A-1a_6.8_Logical_structure_6.8.2_Tagged_PDF_6.8.2.2_Mark_information_dictionary_veraPDF_test_suite_6-8-2-2-t01-fail-a.pdf	1	495041	18593708	0.000000	-
gh-verapdf	PDF_A-1a_6.8_Logical_structure_6.8.2_Tagged_PDF_6.8.2.2_Mark_information_dictionary_veraPDF_test_suite_6-8-2-2-t01-fail-b.pdf	1	426666	19006917	0.000000	-
gh-verapdf	PDF_A-1a_6.8_Logical_structure_6.8.2_Tagged_PDF_6.8.2.2_Mark_information_dictionary_veraPDF_test_suite_6-8-2-2-t01-fail-c.pdf	1	372083	18728750	0.000000	-
gh-verapdf	PDF_A-1a_6.8_Logical_structure_6.8.2_Tagged_PDF_6.8.2.2_Mark_information_dictionary_veraPDF_test_suite_6-8-2-2-t01-pass-a.pdf	1	457250	19255292	0.000000	-
gh-verapdf	PDF_A-1b_6.1_File_structure_6.1.5_Document_information_dictionary_veraPDF_test_suite_6-1-5-t01-fail-a.pdf	1	581625	23701875	0.000000	-
gh-verapdf	PDF_A-1b_6.1_File_structure_6.1.5_Document_information_dictionary_veraPDF_test_suite_6-1-5-t01-fail-b.pdf	1	507042	24452125	0.000000	-
gh-verapdf	PDF_A-1b_6.1_File_structure_6.1.5_Document_information_dictionary_veraPDF_test_suite_6-1-5-t01-fail-c.pdf	1	415500	24232250	0.000000	-
gh-verapdf	PDF_A-1b_6.1_File_structure_6.1.5_Document_information_dictionary_veraPDF_test_suite_6-1-5-t01-fail-d.pdf	1	408584	24325250	0.000000	-
gh-verapdf	PDF_A-1b_6.1_File_structure_6.1.5_Document_information_dictionary_veraPDF_test_suite_6-1-5-t01-fail-e.pdf	1	589041	24239042	0.000000	-
gh-verapdf	PDF_A-1b_6.1_File_structure_6.1.5_Document_information_dictionary_veraPDF_test_suite_6-1-5-t01-fail-f.pdf	1	529666	24480416	0.000000	-
gh-verapdf	PDF_A-1b_6.1_File_structure_6.1.5_Document_information_dictionary_veraPDF_test_suite_6-1-5-t01-fail-g.pdf	1	391166	24533166	0.000000	-
gh-verapdf	PDF_A-1b_6.1_File_structure_6.1.5_Document_information_dictionary_veraPDF_test_suite_6-1-5-t01-fail-h.pdf	1	542875	24481584	0.000000	-
gh-verapdf	PDF_A-1b_6.1_File_structure_6.1.5_Document_information_dictionary_veraPDF_test_suite_6-1-5-t01-fail-i.pdf	1	506041	24084416	0.000000	-
gh-verapdf	PDF_A-1b_6.1_File_structure_6.1.5_Document_information_dictionary_veraPDF_test_suite_6-1-5-t01-fail-j.pdf	1	477583	23856958	0.000000	-
gh-verapdf	PDF_A-1b_6.1_File_structure_6.1.5_Document_information_dictionary_veraPDF_test_suite_6-1-5-t02-pass-a.pdf	1	476958	24079750	0.000000	-
gh-verapdf	PDF_A-1b_6.1_File_structure_6.1.5_Document_information_dictionary_veraPDF_test_suite_6-1-5-t02-pass-b.pdf	1	591833	23626625	0.000000	-
gh-verapdf	PDF_A-1b_6.1_File_structure_6.1.5_Document_information_dictionary_veraPDF_test_suite_6-1-5-t02-pass-c.pdf	1	495583	24202334	0.000000	-
gh-verapdf	PDF_A-1b_6.1_File_structure_6.1.5_Document_information_dictionary_veraPDF_test_suite_6-1-5-t02-pass-d.pdf	1	1149458	24485375	0.000000	-
gh-verapdf	PDF_A-1b_6.2_Graphics_6.2.5_Form_XObjects_veraPDF_test_suite_6-2-5-t02-fail-a.pdf	1	574334	23852791	0.000000	-
gh-verapdf	PDF_A-1b_6.2_Graphics_6.2.5_Form_XObjects_veraPDF_test_suite_6-2-5-t02-pass-a.pdf	1	543625	24828000	0.000000	-
gh-verapdf	PDF_A-1b_6.2_Graphics_6.2.5_Form_XObjects_veraPDF_test_suite_6-2-5-t03-fail-a.pdf	1	469125	24248708	0.000000	-
gh-verapdf	PDF_A-1b_6.2_Graphics_6.2.5_Form_XObjects_veraPDF_test_suite_6-2-5-t03-pass-a.pdf	1	402125	24748083	0.000000	-
gh-verapdf	PDF_A-1b_6.7_Metadata_6.7.11_Version_and_conformance_level_identification_veraPDF_test_suite_6-7-11-t02-fail-a.pdf	1	421334	16152042	0.000000	-
gh-verapdf	PDF_A-1b_6.7_Metadata_6.7.11_Version_and_conformance_level_identification_veraPDF_test_suite_6-7-11-t03-fail-a.pdf	1	382083	15998292	0.000000	-
gh-verapdf	PDF_A-1b_6.7_Metadata_6.7.11_Version_and_conformance_level_identification_veraPDF_test_suite_6-7-11-t04-fail-a.pdf	1	700084	16125250	0.000000	-
gh-verapdf	PDF_A-1b_6.7_Metadata_6.7.11_Version_and_conformance_level_identification_veraPDF_test_suite_6-7-11-t05-fail-a.pdf	1	382417	15912541	0.000000	-
gh-verapdf	PDF_A-1b_6.7_Metadata_6.7.3_Document_information_dictionary_veraPDF_test_suite_6-7-3-t01-fail-a.pdf	1	441583	23807708	0.000000	-
gh-verapdf	PDF_A-1b_6.7_Metadata_6.7.3_Document_information_dictionary_veraPDF_test_suite_6-7-3-t01-pass-a.pdf	1	393292	24521250	0.000000	-
gh-verapdf	PDF_A-1b_6.7_Metadata_6.7.3_Document_information_dictionary_veraPDF_test_suite_6-7-3-t02-fail-a.pdf	1	580333	24476625	0.000000	-
gh-verapdf	PDF_A-1b_6.7_Metadata_6.7.3_Document_information_dictionary_veraPDF_test_suite_6-7-3-t02-pass-a.pdf	1	498958	24294208	0.000000	-
gh-verapdf	PDF_A-1b_6.7_Metadata_6.7.3_Document_information_dictionary_veraPDF_test_suite_6-7-3-t03-fail-a.pdf	1	485250	24981917	0.000000	-
gh-verapdf	PDF_A-1b_6.7_Metadata_6.7.3_Document_information_dictionary_veraPDF_test_suite_6-7-3-t03-fail-b.pdf	1	1406042	24276083	0.000000	-
gh-verapdf	PDF_A-1b_6.7_Metadata_6.7.3_Document_information_dictionary_veraPDF_test_suite_6-7-3-t03-pass-a.pdf	1	543833	24165708	0.000000	-
gh-verapdf	PDF_A-1b_6.7_Metadata_6.7.3_Document_information_dictionary_veraPDF_test_suite_6-7-3-t04-fail-a.pdf	1	552125	25023000	0.000000	-
gh-verapdf	PDF_A-1b_6.7_Metadata_6.7.3_Document_information_dictionary_veraPDF_test_suite_6-7-3-t04-pass-a.pdf	1	479208	24013792	0.000000	-
gh-verapdf	PDF_A-1b_6.7_Metadata_6.7.3_Document_information_dictionary_veraPDF_test_suite_6-7-3-t05-fail-a.pdf	1	1117125	24561708	0.000000	-
gh-verapdf	PDF_A-1b_6.7_Metadata_6.7.3_Document_information_dictionary_veraPDF_test_suite_6-7-3-t05-pass-a.pdf	1	525708	24655417	0.000000	-
gh-verapdf	PDF_A-1b_6.7_Metadata_6.7.3_Document_information_dictionary_veraPDF_test_suite_6-7-3-t06-fail-a.pdf	1	530875	24605125	0.000000	-
gh-verapdf	PDF_A-1b_6.7_Metadata_6.7.3_Document_information_dictionary_veraPDF_test_suite_6-7-3-t06-pass-a.pdf	1	455417	23940542	0.000000	-
gh-verapdf	PDF_A-1b_6.7_Metadata_6.7.3_Document_information_dictionary_veraPDF_test_suite_6-7-3-t07-fail-a.pdf	1	1076792	24387542	0.000000	-
gh-verapdf	PDF_A-1b_6.7_Metadata_6.7.3_Document_information_dictionary_veraPDF_test_suite_6-7-3-t07-pass-a.pdf	1	570041	24441500	0.000000	-
gh-verapdf	PDF_A-1b_6.7_Metadata_6.7.3_Document_information_dictionary_veraPDF_test_suite_6-7-3-t08-fail-a.pdf	1	450875	24792542	0.000000	-
gh-verapdf	PDF_A-1b_6.7_Metadata_6.7.3_Document_information_dictionary_veraPDF_test_suite_6-7-3-t08-pass-a.pdf	1	378166	24661167	0.000000	-
gh-verapdf	PDF_A-1b_6.9_Interactive_Forms_veraPDF_test_suite_6-9-t01-fail-a.pdf	1	260083	23792125	0.005240	-
gh-verapdf	PDF_A-1b_6.9_Interactive_Forms_veraPDF_test_suite_6-9-t01-fail-b.pdf	1	295375	24782292	0.005648	-
gh-verapdf	PDF_A-1b_6.9_Interactive_Forms_veraPDF_test_suite_6-9-t01-fail-c.pdf	1	634750	24001583	0.000000	-
gh-verapdf	PDF_A-1b_6.9_Interactive_Forms_veraPDF_test_suite_6-9-t01-fail-d.pdf	1	310375	24165625	0.000000	-
gh-verapdf	PDF_A-2a_6.2_Graphics_6.2.11_Fonts_6.2.11.7_Unicode_character_maps_6.2.11.7.3_Level_A_conformance_veraPDF_test_suite_6-2-11-7-3-t01-fail-a.pdf	1	714334	27158167	0.000000	-
gh-verapdf	PDF_A-2a_6.2_Graphics_6.2.11_Fonts_6.2.11.7_Unicode_character_maps_6.2.11.7.3_Level_A_conformance_veraPDF_test_suite_6-2-11-7-3-t01-fail-b.pdf	1	687708	52090542	0.000000	-
gh-verapdf	PDF_A-2a_6.2_Graphics_6.2.11_Fonts_6.2.11.7_Unicode_character_maps_6.2.11.7.3_Level_A_conformance_veraPDF_test_suite_6-2-11-7-3-t01-fail-c.pdf	1	810625	52880916	0.000000	-
gh-verapdf	PDF_A-2a_6.2_Graphics_6.2.11_Fonts_6.2.11.7_Unicode_character_maps_6.2.11.7.3_Level_A_conformance_veraPDF_test_suite_6-2-11-7-3-t01-fail-d.pdf	1	688208	52101875	0.000000	-
gh-verapdf	PDF_A-2a_6.2_Graphics_6.2.11_Fonts_6.2.11.7_Unicode_character_maps_6.2.11.7.3_Level_A_conformance_veraPDF_test_suite_6-2-11-7-3-t01-fail-e.pdf	1	741000	52342208	0.000000	-
gh-verapdf	PDF_A-2a_6.2_Graphics_6.2.11_Fonts_6.2.11.7_Unicode_character_maps_6.2.11.7.3_Level_A_conformance_veraPDF_test_suite_6-2-11-7-3-t01-pass-a.pdf	1	733250	28376792	0.000000	-
gh-verapdf	PDF_A-2a_6.2_Graphics_6.2.11_Fonts_6.2.11.7_Unicode_character_maps_6.2.11.7.3_Level_A_conformance_veraPDF_test_suite_6-2-11-7-3-t01-pass-b.pdf	1	702000	27469875	0.000000	-
gh-verapdf	PDF_A-2a_6.2_Graphics_6.2.11_Fonts_6.2.11.7_Unicode_character_maps_6.2.11.7.3_Level_A_conformance_veraPDF_test_suite_6-2-11-7-3-t01-pass-c.pdf	1	796167	52425125	0.000000	-
gh-verapdf	PDF_A-2a_6.2_Graphics_6.2.11_Fonts_6.2.11.7_Unicode_character_maps_6.2.11.7.3_Level_A_conformance_veraPDF_test_suite_6-2-11-7-3-t01-pass-d.pdf	1	696625	27861084	0.000000	-
gh-verapdf	PDF_A-2a_6.2_Graphics_6.2.11_Fonts_6.2.11.7_Unicode_character_maps_6.2.11.7.3_Level_A_conformance_veraPDF_test_suite_6-2-11-7-3-t01-pass-e.pdf	1	719709	27610458	0.000000	-
gh-verapdf	PDF_A-2a_6.6_Metadata_6.6.4_Version_and_conformance_level_identification_veraPDF_test_suite_6-6-4-t01-fail-a.pdf	1	561500	15573250	0.000000	-
gh-verapdf	PDF_A-2a_6.7_Logical_structure_6.7.2_Tagged_PDF_6.7.2.2_Mark_information_dictionary_veraPDF_test_suite_6-7-2-2-t01-fail-a.pdf	1	627000	19228583	0.000000	-
gh-verapdf	PDF_A-2a_6.7_Logical_structure_6.7.2_Tagged_PDF_6.7.2.2_Mark_information_dictionary_veraPDF_test_suite_6-7-2-2-t01-fail-b.pdf	1	475875	19321459	0.000000	-
gh-verapdf	PDF_A-2a_6.7_Logical_structure_6.7.2_Tagged_PDF_6.7.2.2_Mark_information_dictionary_veraPDF_test_suite_6-7-2-2-t01-fail-c.pdf	1	638250	18966458	0.000000	-
gh-verapdf	PDF_A-2b_6.1_File_structure_6.1.5_Document_information_dictionary_veraPDF_test_suite_6-1-5-t01-pass-a.pdf	1	391917	24650209	0.000000	-
gh-verapdf	PDF_A-2b_6.2_Graphics_6.2.9_XObjects_6.2.9.1_Form_XObjects_veraPDF_test_suite_6-2-9-1-t01-fail-a.pdf	1	836334	19746417	0.000000	-
gh-verapdf	PDF_A-2b_6.2_Graphics_6.2.9_XObjects_6.2.9.1_Form_XObjects_veraPDF_test_suite_6-2-9-1-t01-fail-b.pdf	1	1258708	19375833	0.000000	-
gh-verapdf	PDF_A-2b_6.2_Graphics_6.2.9_XObjects_6.2.9.1_Form_XObjects_veraPDF_test_suite_6-2-9-1-t01-fail-c.pdf	1	568667	18984958	0.000000	-
gh-verapdf	PDF_A-2b_6.4_Interactive_forms_6.4.1_General_veraPDF_test_suite_6-4-1-t01-fail-a.pdf	1	325458	15555334	0.000000	-
gh-verapdf	PDF_A-2b_6.4_Interactive_forms_6.4.1_General_veraPDF_test_suite_6-4-1-t01-fail-b.pdf	1	364625	15506458	0.000000	-
gh-verapdf	PDF_A-2b_6.4_Interactive_forms_6.4.1_General_veraPDF_test_suite_6-4-1-t02-fail-a.pdf	1	348708	15151541	0.000000	-
gh-verapdf	PDF_A-2b_6.4_Interactive_forms_6.4.1_General_veraPDF_test_suite_6-4-1-t02-pass-a.pdf	1	757958	15523000	0.000000	-
gh-verapdf	PDF_A-2b_6.4_Interactive_forms_6.4.2_XFA_forms_veraPDF_test_suite_6-4-2-t01-fail-a.pdf	1	5699417	33878458	0.000004	-
gh-verapdf	PDF_A-2b_6.4_Interactive_forms_6.4.2_XFA_forms_veraPDF_test_suite_6-4-2-t01-fail-b.pdf	1	2834167	40933834	0.000243	-
gh-verapdf	PDF_A-2b_6.6_Metadata_6.6.4_Version_and_conformance_level_identification_veraPDF_test_suite_6-6-4-t01-fail-a.pdf	1	441375	15871084	0.000000	-
gh-verapdf	PDF_A-2b_6.6_Metadata_6.6.4_Version_and_conformance_level_identification_veraPDF_test_suite_6-6-4-t01-fail-b.pdf	1	1007959	16184958	0.000000	-
gh-verapdf	PDF_A-2b_6.6_Metadata_6.6.4_Version_and_conformance_level_identification_veraPDF_test_suite_6-6-4-t01-fail-c.pdf	1	832250	16008958	0.000000	-
gh-verapdf	PDF_A-2b_6.6_Metadata_6.6.4_Version_and_conformance_level_identification_veraPDF_test_suite_6-6-4-t01-fail-d.pdf	1	585000	15906167	0.000000	-
gh-verapdf	PDF_A-2b_6.6_Metadata_6.6.4_Version_and_conformance_level_identification_veraPDF_test_suite_6-6-4-t01-fail-e.pdf	1	569750	15738833	0.000000	-
gh-verapdf	PDF_A-2b_6.6_Metadata_6.6.4_Version_and_conformance_level_identification_veraPDF_test_suite_6-6-4-t01-fail-f.pdf	1	615959	15830250	0.000000	-
gh-verapdf	PDF_A-2b_6.6_Metadata_6.6.4_Version_and_conformance_level_identification_veraPDF_test_suite_6-6-4-t01-pass-a.pdf	1	583000	15556958	0.000000	-
gh-verapdf	PDF_A-2b_6.6_Metadata_6.6.4_Version_and_conformance_level_identification_veraPDF_test_suite_6-6-4-t01-pass-b.pdf	1	948834	15702083	0.000000	-
gh-verapdf	PDF_A-2b_6.6_Metadata_6.6.6_File_provenance_information_veraPDF_test_suite_6-6-6-t01-pass-a.pdf	1	549625	15898416	0.000000	-
gh-verapdf	PDF_A-2b_6.6_Metadata_6.6.6_File_provenance_information_veraPDF_test_suite_6-6-6-t01-pass-b.pdf	1	659417	16004250	0.000000	-
gh-verapdf	PDF_A-2b_6.6_Metadata_6.6.6_File_provenance_information_veraPDF_test_suite_6-6-6-t01-pass-c.pdf	1	575750	15209458	0.000000	-
gh-verapdf	PDF_A-2b_6.6_Metadata_6.6.6_File_provenance_information_veraPDF_test_suite_6-6-6-t01-pass-d.pdf	1	556625	15785792	0.000000	-
gh-verapdf	PDF_A-2u_6.2_Graphics_6.2.11_Fonts_6.2.11.7_Unicode_character_maps_6.2.11.7.2_Level_A_and_Level_U_conformance_veraPDF_test_suite_6-2-11-7-2-t01-fail-a.pdf	1	2346333	23175625	0.000000	-
gh-verapdf	PDF_A-2u_6.2_Graphics_6.2.11_Fonts_6.2.11.7_Unicode_character_maps_6.2.11.7.2_Level_A_and_Level_U_conformance_veraPDF_test_suite_6-2-11-7-2-t01-fail-b.pdf	1	2451334	20576833	0.000000	-
gh-verapdf	PDF_A-2u_6.2_Graphics_6.2.11_Fonts_6.2.11.7_Unicode_character_maps_6.2.11.7.2_Level_A_and_Level_U_conformance_veraPDF_test_suite_6-2-11-7-2-t01-fail-c.pdf	1	568458	19169958	0.000000	-
gh-verapdf	PDF_A-2u_6.2_Graphics_6.2.11_Fonts_6.2.11.7_Unicode_character_maps_6.2.11.7.2_Level_A_and_Level_U_conformance_veraPDF_test_suite_6-2-11-7-2-t01-fail-d.pdf	1	884000	28368875	0.000068	-
gh-verapdf	PDF_A-2u_6.2_Graphics_6.2.11_Fonts_6.2.11.7_Unicode_character_maps_6.2.11.7.2_Level_A_and_Level_U_conformance_veraPDF_test_suite_6-2-11-7-2-t01-fail-e.pdf	1	589750	52690459	0.000000	-
gh-verapdf	PDF_A-2u_6.2_Graphics_6.2.11_Fonts_6.2.11.7_Unicode_character_maps_6.2.11.7.2_Level_A_and_Level_U_conformance_veraPDF_test_suite_6-2-11-7-2-t01-fail-f.pdf	1	1097833	34520458	0.000000	-
gh-verapdf	PDF_A-2u_6.2_Graphics_6.2.11_Fonts_6.2.11.7_Unicode_character_maps_6.2.11.7.2_Level_A_and_Level_U_conformance_veraPDF_test_suite_6-2-11-7-2-t01-pass-a.pdf	1	760625	19760750	0.000008	-
gh-verapdf	PDF_A-2u_6.2_Graphics_6.2.11_Fonts_6.2.11.7_Unicode_character_maps_6.2.11.7.2_Level_A_and_Level_U_conformance_veraPDF_test_suite_6-2-11-7-2-t01-pass-b.pdf	1	622583	31901000	0.000000	-
gh-verapdf	PDF_A-2u_6.2_Graphics_6.2.11_Fonts_6.2.11.7_Unicode_character_maps_6.2.11.7.2_Level_A_and_Level_U_conformance_veraPDF_test_suite_6-2-11-7-2-t01-pass-c.pdf	1	863375	32757625	0.000000	-
gh-verapdf	PDF_A-2u_6.2_Graphics_6.2.11_Fonts_6.2.11.7_Unicode_character_maps_6.2.11.7.2_Level_A_and_Level_U_conformance_veraPDF_test_suite_6-2-11-7-2-t01-pass-d.pdf	1	970917	20165291	0.000000	-
gh-verapdf	PDF_A-2u_6.2_Graphics_6.2.11_Fonts_6.2.11.7_Unicode_character_maps_6.2.11.7.2_Level_A_and_Level_U_conformance_veraPDF_test_suite_6-2-11-7-2-t01-pass-e.pdf	1	2193459	20627667	0.000008	-
gh-verapdf	PDF_A-2u_6.2_Graphics_6.2.11_Fonts_6.2.11.7_Unicode_character_maps_6.2.11.7.2_Level_A_and_Level_U_conformance_veraPDF_test_suite_6-2-11-7-2-t01-pass-f.pdf	1	607250	19136208	0.000000	-
gh-verapdf	PDF_A-2u_6.2_Graphics_6.2.11_Fonts_6.2.11.7_Unicode_character_maps_6.2.11.7.2_Level_A_and_Level_U_conformance_veraPDF_test_suite_6-2-11-7-2-t01-pass-h.pdf	1	661709	70415625	0.000000	-
gh-verapdf	PDF_A-2u_6.2_Graphics_6.2.11_Fonts_6.2.11.7_Unicode_character_maps_6.2.11.7.2_Level_A_and_Level_U_conformance_veraPDF_test_suite_6-2-11-7-2-t01-pass-i.pdf	1	673375	71807458	0.000000	-
gh-verapdf	PDF_A-2u_6.2_Graphics_6.2.11_Fonts_6.2.11.7_Unicode_character_maps_6.2.11.7.2_Level_A_and_Level_U_conformance_veraPDF_test_suite_6-2-11-7-2-t01-pass-j.pdf	1	766542	70612459	0.000000	-
gh-verapdf	PDF_A-2u_6.2_Graphics_6.2.11_Fonts_6.2.11.7_Unicode_character_maps_6.2.11.7.2_Level_A_and_Level_U_conformance_veraPDF_test_suite_6-2-11-7-2-t01-pass-k.pdf	1	796375	27912292	0.000000	-
gh-verapdf	PDF_A-2u_6.2_Graphics_6.2.11_Fonts_6.2.11.7_Unicode_character_maps_6.2.11.7.2_Level_A_and_Level_U_conformance_veraPDF_test_suite_6-2-11-7-2-t01-pass-l.pdf	1	721625	51539708	0.000000	-
gh-verapdf	PDF_A-2u_6.2_Graphics_6.2.11_Fonts_6.2.11.7_Unicode_character_maps_6.2.11.7.2_Level_A_and_Level_U_conformance_veraPDF_test_suite_6-2-11-7-2-t02-fail-a.pdf	1	678042	27848667	0.000000	-
gh-verapdf	PDF_A-2u_6.2_Graphics_6.2.11_Fonts_6.2.11.7_Unicode_character_maps_6.2.11.7.2_Level_A_and_Level_U_conformance_veraPDF_test_suite_6-2-11-7-2-t02-fail-b.pdf	1	724541	27640000	0.000000	-
gh-verapdf	PDF_A-2u_6.2_Graphics_6.2.11_Fonts_6.2.11.7_Unicode_character_maps_6.2.11.7.2_Level_A_and_Level_U_conformance_veraPDF_test_suite_6-2-11-7-2-t02-fail-c.pdf	1	666041	27360125	0.000000	-
gh-verapdf	PDF_A-2u_6.2_Graphics_6.2.11_Fonts_6.2.11.7_Unicode_character_maps_6.2.11.7.2_Level_A_and_Level_U_conformance_veraPDF_test_suite_6-2-11-7-2-t02-pass-a.pdf	1	733959	27968666	0.000000	-
gh-verapdf	PDF_A-2u_6.6_Metadata_6.6.4_Version_and_conformance_level_identification_veraPDF_test_suite_6-6-4-t01-fail-a.pdf	1	597958	15916375	0.000000	-
gh-verapdf	PDF_A-4_6.2_Graphics_6.2.8_XObjects_6.2.8.1_Form_XObjects_veraPDF_test_suite_6-2-8-1-t01-fail-a.pdf	1	839167	19460625	0.000000	-
gh-verapdf	PDF_A-4_6.4_Interactive_forms_6.4.1_General_veraPDF_test_suite_6-4-1-t01-fail-a.pdf	1	292792	15887666	0.000000	-
gh-verapdf	PDF_A-4_6.4_Interactive_forms_6.4.1_General_veraPDF_test_suite_6-4-1-t01-pass-a.pdf	1	1077083	15676291	0.000000	-
gh-verapdf	PDF_A-4_6.4_Interactive_forms_6.4.1_General_veraPDF_test_suite_6-4-1-t01-pass-b.pdf	1	975375	29416708	0.000000	-
gh-verapdf	PDF_A-4_6.4_Interactive_forms_6.4.1_General_veraPDF_test_suite_6-4-1-t02-fail-a.pdf	1	318709	15437375	0.000000	-
gh-verapdf	PDF_A-4_6.4_Interactive_forms_6.4.1_General_veraPDF_test_suite_6-4-1-t02-pass-a.pdf	1	341083	15076958	0.000000	-
gh-verapdf	PDF_A-4_6.4_Interactive_forms_6.4.2_XFA_forms_veraPDF_test_suite_6-4-2-t01-fail-a.pdf	1	5414792	33827292	0.000004	-
gh-verapdf	PDF_A-4_6.4_Interactive_forms_6.4.2_XFA_forms_veraPDF_test_suite_6-4-2-t01-fail-b.pdf	1	5682875	34266500	0.000004	-
gh-verapdf	PDF_A-4_6.7_Metadata_6.7.5_File_provenance_information_veraPDF_test_suite_6-7-5-t01-pass-a.pdf	1	964625	16016667	0.000000	-
gh-verapdf	PDF_A-4_6.7_Metadata_6.7.5_File_provenance_information_veraPDF_test_suite_6-7-5-t01-pass-b.pdf	1	931083	16116333	0.000000	-
gh-verapdf	PDF_A-4_6.7_Metadata_6.7.5_File_provenance_information_veraPDF_test_suite_6-7-5-t01-pass-c.pdf	1	573750	16032542	0.000000	-
gh-verapdf	PDF_UA-1_7.18_Annotations_7.18.4_Forms_7.18.4-t01-fail-a.pdf	1	1784333	24428209	0.000000	-
gh-verapdf	PDF_UA-1_7.18_Annotations_7.18.4_Forms_7.18.4-t01-pass-a.pdf	1	1288333	24401250	0.000000	-
gh-verapdf	PDF_UA-2_8.10_Forms_8.10.1_General_8.10.1-t02-fail-a.pdf	1	675542	19249875	0.000000	-
gh-verapdf	PDF_UA-2_8.10_Forms_8.10.2_Context_8.10.2.3_Contents_entry_8.10.2.3-t01-fail-a.pdf	1	960209	22513208	0.000000	-
gh-verapdf	PDF_UA-2_8.2_Logical_structure_8.2.5_Additional_requirements_for_specific_structure_types_8.2.5.29_Formula_8.2.5.29-t01-fail-a.pdf	1	2801625	32312958	0.000000	-
gh-verapdf	PDF_UA-2_8.2_Logical_structure_8.2.5_Additional_requirements_for_specific_structure_types_8.2.5.29_Formula_8.2.5.29-t01-pass-a.pdf	1	2905125	32277250	0.000000	-
int-wipo	docs-en-forms-ib-editable-ed-ib372.pdf	1	12076167	90556833	0.000064	-
int-wipo	docs-fr-forms-ib-editable-ed-ib372.pdf	1	11916916	91832083	0.000070	-
int-wipo	docs-en-forms-ib-editable-ed-ib375.pdf	1	14184500	80024584	0.000000	-
int-wipo	docs-fr-forms-ib-editable-ed-ib375.pdf	1	14760000	78199458	0.000241	-
int-wipo	docs-en-forms-ib-editable-ed-ib382.pdf	1	4887167	60611500	0.000200	-
int-wipo	docs-fr-forms-ib-editable-ed-ib382.pdf	1	17870750	259789875	0.000132	-
int-wipo	docs-en-forms-ib-editable-ed-ib384.pdf	1	25406375	206920959	0.000000	-
int-wipo	docs-fr-forms-ib-editable-ed-ib384.pdf	1	29970542	176882667	0.000000	-
int-wipo	docs-en-forms-ro-editable-ed-ro101-cont.pdf	1	14879125	93604125	0.000026	-
int-wipo	docs-fr-forms-ro-editable-ed-ro101-cont.pdf	1	14218250	94419958	0.000010	-
int-wipo	docs-en-forms-ro-editable-ed-ro102.pdf	1	10150041	76426833	0.000000	-
int-wipo	docs-fr-forms-ro-editable-ed-ro102.pdf	1	12354917	81624792	0.000004	-
int-wipo	docs-en-forms-ro-editable-ed-ro103.pdf	1	18031875	90179916	0.000014	-
int-wipo	docs-fr-forms-ro-editable-ed-ro103.pdf	1	18564167	106549583	0.000012	-
int-wipo	docs-en-forms-ro-editable-ed-ro104.pdf	1	5176500	66139083	0.000118	-
int-wipo	docs-fr-forms-ro-editable-ed-ro104.pdf	1	5730916	69733708	0.000112	-
int-wipo	docs-en-forms-ro-editable-ed-ro105.pdf	1	4942458	117231125	0.000106	-
int-wipo	docs-fr-forms-ro-editable-ed-ro105.pdf	1	7495125	69243875	0.000108	-
int-wipo	docs-en-forms-ro-editable-ed-ro106.pdf	1	9642041	78506208	0.000018	-
int-wipo	docs-fr-forms-ro-editable-ed-ro106.pdf	1	9686334	80514959	0.000084	-
int-wipo	docs-en-forms-ro-editable-ed-ro107.pdf	1	13530500	87206708	0.000110	-
int-wipo	docs-fr-forms-ro-editable-ed-ro107.pdf	1	14430292	94089791	0.000110	-
int-wipo	docs-en-forms-ro-editable-ed-ro108.pdf	1	12582083	66323083	0.000008	-
int-wipo	docs-fr-forms-ro-editable-ed-ro108.pdf	1	14126750	71150958	0.000108	-
int-wipo	docs-en-forms-ro-editable-ed-ro109.pdf	1	12506416	64655500	0.000016	-
int-wipo	docs-fr-forms-ro-editable-ed-ro109.pdf	1	6582666	66365417	0.000789	-
int-wipo	docs-en-forms-ro-editable-ed-ro110.pdf	1	7621084	80478459	0.000186	-
int-wipo	docs-fr-forms-ro-editable-ed-ro110.pdf	1	8316417	83090000	0.000106	-
int-wipo	docs-en-forms-ro-editable-ed-ro111.pdf	1	8234541	85758250	0.000204	-
int-wipo	docs-fr-forms-ro-editable-ed-ro111.pdf	1	29710709	92332083	0.000042	-
int-wipo	docs-en-forms-ro-editable-ed-ro112.pdf	1	7974167	81244416	0.000074	-
int-wipo	docs-fr-forms-ro-editable-ed-ro112.pdf	1	8891875	82965958	0.000080	-
int-wipo	docs-en-forms-ro-editable-ed-ro113.pdf	1	4815416	63941292	0.000128	-
int-wipo	docs-fr-forms-ro-editable-ed-ro113.pdf	1	4766625	73570292	0.000142	-
int-wipo	docs-en-forms-ro-editable-ed-ro114.pdf	1	10168416	76976750	0.000102	-
int-wipo	docs-fr-forms-ro-editable-ed-ro114.pdf	1	16910458	88958500	0.000104	-
int-wipo	docs-en-forms-ro-editable-ed-ro115.pdf	1	9768875	86127667	0.000070	-
int-wipo	docs-fr-forms-ro-editable-ed-ro115.pdf	1	38913709	96359250	0.000108	-
int-wipo	docs-en-forms-ro-editable-ed-ro117.pdf	1	15079500	75513625	0.000010	-
int-wipo	docs-fr-forms-ro-editable-ed-ro117.pdf	1	37902459	110109209	0.000010	-
int-wipo	docs-en-forms-ro-editable-ed-ro118.pdf	1	11809958	80958750	0.000100	-
int-wipo	docs-fr-forms-ro-editable-ed-ro118.pdf	1	12167083	80572792	0.000102	-
int-wipo	docs-en-forms-ro-editable-ed-ro119.pdf	1	6020625	92082458	0.000735	-
int-wipo	docs-fr-forms-ro-editable-ed-ro119.pdf	1	6458917	64340916	0.000846	-
int-wipo	docs-en-forms-ro-editable-ed-ro120.pdf	1	4619500	58317625	0.000619	-
int-wipo	docs-fr-forms-ro-editable-ed-ro120.pdf	1	5541000	58547458	0.000924	-
int-wipo	docs-en-forms-ro-editable-ed-ro122.pdf	1	3069792	52934875	0.000070	-
int-wipo	docs-fr-forms-ro-editable-ed-ro122.pdf	1	3922000	57458500	0.000094	-
int-wipo	docs-en-forms-ro-editable-ed-ro123.pdf	1	4998459	58161542	0.000579	-
int-wipo	docs-fr-forms-ro-editable-ed-ro123.pdf	1	4860500	59369667	0.000683	-
int-wipo	docs-en-forms-ro-editable-ed-ro124.pdf	1	4711375	64639833	0.001144	-
int-wipo	docs-fr-forms-ro-editable-ed-ro124.pdf	1	5960583	69946708	0.001447	-
int-wipo	docs-en-forms-ro-editable-ed-ro125.pdf	1	5385791	81393666	0.000735	-
int-wipo	docs-fr-forms-ro-editable-ed-ro125.pdf	1	5904792	62244833	0.000864	-
int-wipo	docs-en-forms-ro-editable-ed-ro126.pdf	1	15983291	113694708	0.000108	-
int-wipo	docs-fr-forms-ro-editable-ed-ro126.pdf	1	19810875	103548375	0.000143	-
int-wipo	docs-en-forms-ro-editable-ed-ro127.pdf	1	4275916	55155917	0.000673	-
int-wipo	docs-fr-forms-ro-editable-ed-ro127.pdf	1	5073250	55432208	0.001281	-
int-wipo	docs-en-forms-ro-editable-ed-ro128.pdf	1	8071583	81410542	0.000046	-
int-wipo	docs-fr-forms-ro-editable-ed-ro128.pdf	1	9131750	82635083	0.000080	-
int-wipo	docs-en-forms-ro-editable-ed-ro129.pdf	1	8291375	72468167	0.000104	-
int-wipo	docs-fr-forms-ro-editable-ed-ro129.pdf	1	7943458	70514125	0.000102	-
int-wipo	docs-en-forms-ro-editable-ed-ro130.pdf	1	10054792	72437584	0.000106	-
int-wipo	docs-fr-forms-ro-editable-ed-ro130.pdf	1	9222333	74785958	0.000086	-
int-wipo	docs-en-forms-ro-editable-ed-ro131.pdf	1	5371959	65888375	0.001134	-
int-wipo	docs-fr-forms-ro-editable-ed-ro131.pdf	1	5555042	64529083	0.001489	-
int-wipo	docs-en-forms-ro-editable-ed-ro132.pdf	1	3465333	51169125	0.000860	-
int-wipo	docs-fr-forms-ro-editable-ed-ro132.pdf	1	16804541	57542291	0.000661	-
int-wipo	docs-en-forms-ro-editable-ed-ro133.pdf	1	8021625	69387250	0.000004	-
int-wipo	docs-fr-forms-ro-editable-ed-ro133.pdf	1	8667084	72703542	0.000004	-
int-wipo	docs-en-forms-ro-editable-ed-ro134.pdf	1	5349459	58457583	0.000437	-
int-wipo	docs-fr-forms-ro-editable-ed-ro134.pdf	1	5401625	59602708	0.000601	-
int-wipo	docs-en-forms-ro-editable-ed-ro135.pdf	1	4720708	58675167	0.000848	-
int-wipo	docs-fr-forms-ro-editable-ed-ro135.pdf	1	4801167	57915750	0.000852	-
int-wipo	docs-en-forms-ro-editable-ed-ro136.pdf	1	5817083	64119416	0.000589	-
int-wipo	docs-fr-forms-ro-editable-ed-ro136.pdf	1	6309375	63185791	0.000679	-
int-wipo	docs-en-forms-ro-editable-ed-ro138.pdf	1	3792500	54783875	0.000888	-
int-wipo	docs-fr-forms-ro-editable-ed-ro138.pdf	1	4749042	56433541	0.000894	-
int-wipo	docs-en-forms-ro-editable-ed-ro140.pdf	1	4325583	59744958	0.000762	-
int-wipo	docs-fr-forms-ro-editable-ed-ro140.pdf	1	4899375	59715750	0.001555	-
int-wipo	docs-en-forms-ro-editable-ed-ro141.pdf	1	9075916	58303542	0.000020	-
int-wipo	docs-fr-forms-ro-editable-ed-ro141.pdf	1	9524792	58020791	0.000020	-
int-wipo	docs-en-forms-ro-editable-ed-ro142.pdf	1	7890375	50851083	0.000004	-
int-wipo	docs-fr-forms-ro-editable-ed-ro142.pdf	1	8538458	53297583	0.000014	-
int-wipo	docs-en-forms-ro-editable-ed-ro143.pdf	1	6377375	72169125	0.000032	-
int-wipo	docs-fr-forms-ro-editable-ed-ro143.pdf	1	6964875	74829917	0.000076	-
int-wipo	docs-en-forms-ro-editable-ed-ro145.pdf	1	11453875	67822750	0.000012	-
int-wipo	docs-fr-forms-ro-editable-ed-ro145.pdf	1	12658291	71604417	0.000000	-
int-wipo	docs-en-forms-ro-editable-ed-ro146.pdf	1	5061250	59354541	0.000850	-
int-wipo	docs-fr-forms-ro-editable-ed-ro146.pdf	1	6338417	60965292	0.000760	-
int-wipo	docs-en-forms-ro-editable-ed-ro147.pdf	1	5923833	64842542	0.000100	-
int-wipo	docs-fr-forms-ro-editable-ed-ro147.pdf	1	5880500	65993666	0.000022	-
int-wipo	docs-en-forms-ro-editable-ed-ro148.pdf	1	3992458	54803834	0.000774	-
int-wipo	docs-fr-forms-ro-editable-ed-ro148.pdf	1	4298167	54833167	0.001248	-
int-wipo	docs-en-forms-ro-editable-ed-ro149.pdf	1	7458500	47081292	0.000018	-
int-wipo	docs-fr-forms-ro-editable-ed-ro149.pdf	1	7421250	49376166	0.000028	-
int-wipo	docs-en-forms-ro-editable-ed-ro150.pdf	1	11165667	64436625	0.000012	-
int-wipo	docs-fr-forms-ro-editable-ed-ro150.pdf	1	11202458	67095958	0.000000	-
int-wipo	docs-en-forms-ro-editable-ed-ro151.pdf	1	15404000	80700500	0.000102	-
int-wipo	docs-fr-forms-ro-editable-ed-ro151.pdf	1	17007000	85304292	0.000000	-
int-wipo	docs-en-forms-ro-editable-ed-ro152.pdf	1	9997083	90328375	0.001633	-
int-wipo	docs-fr-forms-ro-editable-ed-ro152.pdf	1	10945917	89179833	0.001525	-
int-wipo	docs-en-forms-ro-editable-ed-ro153.pdf	1	10340083	90632709	0.002162	-
int-wipo	docs-fr-forms-ro-editable-ed-ro153.pdf	1	11516250	93480917	0.002685	-
int-wipo	docs-en-forms-ro-editable-ed-ro154.pdf	1	9963875	84565375	0.001852	-
int-wipo	docs-fr-forms-ro-editable-ed-ro154.pdf	1	11549375	90475875	0.003427	-
int-wipo	docs-en-forms-ro-editable-ed-ro155.pdf	1	6256625	65986750	0.000932	-
int-wipo	docs-fr-forms-ro-editable-ed-ro155.pdf	1	7275500	71579583	0.001397	-
int-wipo	docs-en-forms-ro-editable-ed-ro156.pdf	1	13587584	88639958	0.000000	-
int-wipo	docs-fr-forms-ro-editable-ed-ro156.pdf	1	13710833	89800208	0.000000	-
int-wipo	docs-en-forms-ro-editable-ed-ro157.pdf	1	9272375	60864500	0.000010	-
int-wipo	docs-fr-forms-ro-editable-ed-ro157.pdf	1	10193959	61771209	0.000000	-
int-wipo	docs-en-forms-ro-editable-ed-ro158.pdf	1	10575458	91681292	0.000104	-
int-wipo	docs-fr-forms-ro-editable-ed-ro158.pdf	1	11166750	108335834	0.000104	-
int-wipo	docs-en-forms-ro-editable-ed-ro159.pdf	1	9816000	94763792	0.000104	-
int-wipo	docs-fr-forms-ro-editable-ed-ro159.pdf	1	10456542	92492291	0.000112	-
uk-govuk	application-for-a-vehicle-registration-certifica__v62-application-for-a-registration-certificate.pdf	1	259152667	630707459	0.003188	-
uk-govuk	application-for-a-vehicle-registration-certifica__v62w-cais-am-dystysgrif-gofrestru-cerbyd.pdf	1	257806541	698971834	0.003087	-
uk-govuk	lasting-power-of-attorney-forms__20250821-LP12-Make-and-register-your-lasting-power-of-attorney-a-guide.pdf	1	20229084	70534666	0.010258	-
uk-govuk	lasting-power-of-attorney-forms__20250821-LP12-Gwneud-a-chofrestru-eich-atwrneiaeth-arhosol-canllawiau.pdf	1	72999834	87251000	0.009214	-
uk-govuk	lasting-power-of-attorney-forms__102025-LP1F-Lasting-power-of-attorney-financial-decisions.pdf	1	22641917	88719958	0.002685	-
uk-govuk	lasting-power-of-attorney-forms__20250822-LP1F-Atwrneiaeth-arhosol-penderfyniadau-ariannol.pdf	1	78066417	110262583	0.001303	-
uk-govuk	lasting-power-of-attorney-forms__20250822-LP1H-create-and-register-your-lasting-power-of-attorney.pdf	1	23451792	92061042	0.002519	-
uk-govuk	lasting-power-of-attorney-forms__20250822-LP1H-atwrneiaeth-arhosol-Penderfyniadau-ynglyn-ag-iechyd-a-lles.pdf	1	78694375	117106333	0.003077	-
uk-govuk	lasting-power-of-attorney-forms__LPC-Continuation-sheets.pdf	1	8892375	70189125	0.002745	-
uk-govuk	lasting-power-of-attorney-forms__20251117_lpc-dalenni-parhad.pdf	1	76602750	87188875	0.003737	-
uk-govuk	lasting-power-of-attorney-forms__LP3-Form-to-notify-people.pdf	1	8774833	64684792	0.002111	-
uk-govuk	lasting-power-of-attorney-forms__20251117_lp3-ffurflen-hysbysu-pobl.pdf	1	79949917	81401791	0.002943	-
uk-govuk	lasting-power-of-attorney-forms__20260420-lpa120-get-help-with-paying-lpa-fees.pdf	1	7434750	60092458	0.004972	-
uk-govuk	lasting-power-of-attorney-forms__20260420-lpa120-Ffioedd-Atwrneiaeth-Arhosol-ac-Atwrneiaeth-Barhaus.pdf	1	7210834	61129750	0.003289	-
uk-govuk	disability-living-allowance-for-children-claim-f__dla-for-children-claim-form.pdf	1	19060792	129308833	0.002598	-
uk-govuk	disability-living-allowance-for-children-claim-f__notes-on-how-to-fill-in-the-dla-claim-form-for-children.pdf	1	10052625	78614083	0.004549	-
uk-govuk	disability-living-allowance-for-children-claim-f__dla1w.pdf	1	19777542	134079125	0.002501	-
uk-govuk	disability-living-allowance-for-children-claim-f__notes-on-how-to-fill-in-the-dla-claim-form-for-children-.pdf	1	9324250	78222541	0.006626	-
uk-govuk	attendance-allowance-claim-form__aa1.pdf	1	11401625	95183125	0.003372	-
uk-govuk	attendance-allowance-claim-form__aa1_notes.pdf	1	8216625	64091292	0.006939	-
uk-govuk	attendance-allowance-claim-form__aa5_notes.pdf	1	16092542	91224250	0.003366	-
uk-govuk	attendance-allowance-claim-form__aa1w.pdf	1	11768125	91139166	0.003065	-
uk-govuk	attendance-allowance-claim-form__aa1w_notes.pdf	1	10177375	62042708	0.006666	-
uk-govuk	attendance-allowance-claim-form__aa5w.pdf	1	16788500	95189375	0.003019	-
uk-govuk	form-c100-application-under-the-children-act-198__C100_0626_save.pdf	1	17282792	129913041	0.000171	-
uk-govuk	strike-off-a-company-from-the-register-ds01__DS01_v9.0-FINAL.pdf	1	18833083	87008000	0.000391	-
uk-govuk	strike-off-a-company-from-the-register-ds01__DS01_v9.0-FINAL-cont-page.pdf	1	14160750	65798458	0.000253	-
uk-govuk	form-n244-application-notice__N244_0622_save.pdf	1	9445166	66563000	0.000634	-
uk-govuk	form-n244-application-notice__N244largeprint.pdf	1	8358375	82778375	0.003469	-
uk-govuk	form-n244-application-notice__N244_CYM_10.20.pdf	1	11824542	74419833	0.000412	-
uk-govuk	official-copies-of-register-or-plan-registration__OC1__2023-08-29_.pdf	1	7308083	77569958	0.004721	-
uk-govuk	official-copies-of-register-or-plan-registration__OC1w__2023-08-29_.pdf	1	8846541	83690375	0.004958	-
uk-govuk	inheritance-tax-inheritance-tax-account-iht400__IHT400-04-26fillable.pdf	1	16206833	100883667	0.000389	-
uk-govuk	inheritance-tax-inheritance-tax-account-iht400__IHT400_2022__Notes_04-26final.pdf	1	5015125	49787250	0.002975	-
uk-govuk	inheritance-tax-inheritance-tax-account-iht400__IHT400_2021__Notes.pdf	1	5305167	48966916	0.001259	-
uk-govuk	inheritance-tax-inheritance-tax-account-iht400__IHT400Calc_0223.pdf	1	16431250	85797667	0.000143	-
uk-govuk	inheritance-tax-inheritance-tax-account-iht400__IHT400-Rates-and-tables.pdf	1	13791334	69296417	0.000074	-
uk-govuk	inheritance-tax-inheritance-tax-account-iht400__IHT400-Helpsheet.pdf	1	10163375	64300583	0.000024	-
uk-govuk	change-the-register-ap1__AP1__2024-10-07_.pdf	1	11579500	96211959	0.004365	-
uk-govuk	change-the-register-ap1__AP1w__2024-10-07_.pdf	1	12313584	102692083	0.002409	-
uk-govuk	sure-start-maternity-grant-claim-form__sure-start-maternity-grant-sf100.pdf	1	17142292	113313875	0.002808	-
uk-govuk	sure-start-maternity-grant-claim-form__sure-start-maternity-grant-notes.pdf	1	8295709	67508167	0.004246	-
uk-govuk	sure-start-maternity-grant-claim-form__sure-start-maternity-grant-sf100w.pdf	1	19048250	118977584	0.003075	-
uk-govuk	sure-start-maternity-grant-claim-form__sure-start-maternity-grant-notes-welsh.pdf	1	8559708	71068791	0.003846	-
uk-govuk	wca50-form-capability-for-work-questionnaire__wca-50.pdf	1	24545917	135546958	0.002873	-
uk-govuk	apply-for-a-non-molestation-or-occupation-order-__FL401_0223.pdf	1	17260625	111090042	0.004759	-
uk-govuk	apply-for-a-non-molestation-or-occupation-order-__FL401T_0721.pdf	1	11272208	74184500	0.000652	-
uk-govuk	apply-for-a-non-molestation-or-occupation-order-__FL401_0223_-_22pt.pdf	1	9421291	101957833	0.004571	-
uk-govuk	apply-for-a-non-molestation-or-occupation-order-__FL401_template_statement_-_22pt.pdf	1	7677459	113036791	0.007172	-
uk-govuk	apply-for-a-non-molestation-or-occupation-order-__FL401_ER.pdf	1	11522917	59401500	0.006996	-
uk-govuk	apply-for-a-non-molestation-or-occupation-order-__Template-Statement_ER.pdf	1	11471041	55080708	0.004545	-
uk-govuk	apply-for-a-non-molestation-or-occupation-order-__CY_FL401_0223.pdf	1	19950166	111108750	0.001259	-
uk-govuk	apply-for-a-non-molestation-or-occupation-order-__Welsh_FL401__Template__Templed_-_datganiad_i_gefnogi_eic.pdf	1	14039666	74808958	0.000042	-
uk-govuk	register-child-under-18-as-british-citizen-form-__form-mn1-03-26.pdf	1	8984917	59123500	0.000998	-
uk-govuk	support-your-child-or-partners-student-finance-a__sfe_pff2_form_2627_o.pdf	1	6057584	48015334	0.000257	-
uk-govuk	support-your-child-or-partners-student-finance-a__sfe_cyi_form_2627_o.pdf	1	12068042	84888875	0.001112	-
uk-govuk	apply-for-help-with-court-and-tribunal-fees__EX160_1123_v2_save.pdf	1	14371250	79439208	0.000869	-
uk-govuk	apply-for-help-with-court-and-tribunal-fees__EX160_1123_20_pt.pdf	1	9148083	92074584	0.002479	-
uk-govuk	apply-for-help-with-court-and-tribunal-fees__CY_EX160_0625_save.pdf	1	20828875	90522167	0.000496	-
uk-govuk	statutory-sick-pay-employee-not-entitled-form-fo__SSP1_from_April_2026.pdf	1	22701459	114335541	0.003758	-
uk-govuk	statutory-sick-pay-employee-not-entitled-form-fo__SSP1W_from_April_2026.pdf	1	24146708	121122125	0.003296	-
uk-govuk	official-copies-of-documents-registration-oc2__OC2__2023-08-29_.pdf	1	11100209	94838625	0.005084	-
uk-govuk	official-copies-of-documents-registration-oc2__OC2w__2023-08-29_.pdf	1	12311792	104192959	0.003990	-
uk-govuk	apply-to-keep-a-vehicle-registration-number-and-__v317-application-to-transfer-or-retain-a-vehicle-registr.pdf	1	241134125	541472500	0.003577	-
uk-govuk	become-a-british-citizen-by-naturalisation-form-__form-an-03-26.pdf	1	7988375	58975833	0.000261	-
uk-govuk	challenge-a-decision-made-by-the-department-for-__crmr1.pdf	1	28190500	130119875	0.004649	-
uk-govuk	challenge-a-decision-made-by-the-department-for-__crmr1a.pdf	1	8786333	77636750	0.009531	-
uk-govuk	challenge-a-decision-made-by-the-department-for-__crmr1_w.pdf	1	27880334	140363500	0.004256	-
uk-govuk	challenge-a-decision-made-by-the-department-for-__crmr1a_w.pdf	1	9563292	78921125	0.008889	-
uk-govuk	registered-titles-whole-transfer-tr1__TR1__2023-08-29_ct.pdf	1	8228333	74146167	0.002711	-
uk-govuk	registered-titles-whole-transfer-tr1__TR1w__2023-08-29_.pdf	1	9448708	80621459	0.002262	-
uk-govuk	universal-credit-landlord-request-for-a-managed-__welsh-uc47-secure-landlord-request-for-a-managed-payment.pdf	1	19675209	87200000	0.000056	-
uk-govuk	universal-credit-landlord-request-for-a-managed-__welsh-uc47-non-secure-landlord-request-for-a-managed-pay.pdf	1	21873042	83696042	0.000012	-
uk-govuk	maternity-allowance-claim-form__ma1-interactive-form.pdf	1	18437834	112914625	0.001710	-
uk-govuk	maternity-allowance-claim-form__ma1-print-notes.pdf	1	8621458	53325375	0.003625	-
uk-govuk	maternity-allowance-claim-form__ma1w-interactive-form.pdf	1	19444375	127012917	0.001447	-
uk-govuk	maternity-allowance-claim-form__ma1w-notes.pdf	1	9566583	74821916	0.002714	-
uk-govuk	maternity-allowance-claim-form__ma1-table.pdf	1	9179667	64688666	0.005699	-
uk-govuk	maternity-allowance-claim-form__ma1w-table.pdf	1	8715041	71277750	0.004900	-
uk-govuk	form-n1-claim-form-cpr-part-7__N1_1224.pdf	1	16239708	61488917	0.000560	-
uk-govuk	form-n1-claim-form-cpr-part-7__N1A_0524.pdf	1	16131500	80787834	0.002628	-
uk-govuk	form-n1-claim-form-cpr-part-7__n1-cym.pdf	1	15211792	66576417	0.000094	-
uk-govuk	form-n1-claim-form-cpr-part-7__cy_N1A_0524.pdf	1	14011042	88556333	0.000871	-
uk-govuk	form-n1-claim-form-cpr-part-7__CY_N1C_0524.pdf	1	14828208	87757667	0.000789	-
uk-govuk	form-n1-claim-form-cpr-part-7__CY_N1D_0524.pdf	1	16021792	96794709	0.001040	-
uk-govuk	form-n1-claim-form-cpr-part-7__n1_fd_-bil.pdf	1	38741542	144960250	0.000524	-
uk-govuk	form-n1-claim-form-cpr-part-7__N1_large_print_1224.pdf	1	11041458	75142042	0.000430	-
uk-govuk	d4-medical-examiner-report-for-a-lorry-or-bus-dr__d4-medical-examination-report-for-group-2-licence.pdf	1	312305250	491892042	0.002132	-
uk-govuk	d4-medical-examiner-report-for-a-lorry-or-bus-dr__inf4d-medical-examination-report-for-a-group-2-lorry-or-.pdf	1	53202834	63971000	0.000490	-
uk-govuk	terminate-an-appointment-of-a-director-tm01__TM01_v7.0-FINAL.pdf	1	18230584	71090333	0.002094	-
uk-govuk	search-public-guardian-registers__20250901.1-OPG100-find-out-if-registered-attorney-or-deputy.pdf	1	23034583	67778125	0.005164	-
uk-govuk	search-public-guardian-registers__20250901.1-large-print-OPG100-find-out-if-registered-attorney.pdf	1	22429500	80638958	0.005912	-
uk-govuk	search-public-guardian-registers__20250901.1-GS4-find-out-if-someone-has-a-guardian-acting-for-them.pdf	1	21646167	56334875	0.002271	-
uk-govuk	search-public-guardian-registers__20250901.1-large-print-GS4-find-out-if-someone-has-a-guardian.pdf	1	20873583	78317000	0.004384	-
uk-govuk	search-public-guardian-registers__20250901-OPG100-canfod-a-oes-gan-rywun.pdf	1	73273583	81662500	0.001160	-
uk-govuk	search-public-guardian-registers__20250901-print-bras-OPG100-canfod-a-oes-gan-rywun.pdf	1	73301500	95290875	0.007299	-
uk-govuk	search-public-guardian-registers__20250901-GS4-canfod-a-oes-gwarcheidwad.pdf	1	71803458	87851292	0.002547	-
uk-govuk	search-public-guardian-registers__20250901-print-bras-GS4-canfod-a-oes-gwarcheidwad.pdf	1	71756084	106556625	0.005020	-
uk-govuk	applying-for-a-reduced-fee-for-your-power-of-att__20260420-lpa120-get-help-with-paying-lpa-fees.pdf	1	7191917	60074542	0.004972	-
uk-govuk	form-n180-directions-questionnaire-small-claims-__N180_1124.pdf	1	9070334	51362458	0.001202	-
uk-govuk	form-n180-directions-questionnaire-small-claims-__FINAL_CY_N180_1124.pdf	1	43424334	118419625	0.001732	-
uk-govuk	form-n180-directions-questionnaire-small-claims-__N180_1124_16_pt_save.pdf	1	11476916	73290500	0.001754	-
uk-govuk	verify-identity-citizen-id1__ID1__2026-02-16_.pdf	1	29705833	108200167	0.001887	-
uk-govuk	verify-identity-citizen-id1__ID1w__2026-02-16_.pdf	1	25643625	107371625	0.001724	-
uk-govuk	register-a-used-vehicle-for-the-first-time-v555__register-a-used-vehicle-for-the-first-time-v55-5.pdf	1	66141625	141080375	0.004920	-
uk-govuk	register-a-used-vehicle-for-the-first-time-v555__v355-5-guide-to-filling-application-for-first-vehicle-tax.pdf	1	37482458	106091083	0.000403	-
uk-govuk	register-a-used-vehicle-for-the-first-time-v555__v55-5w-cais-am-dreth-cerbyd-cyntaf-a-chofrestru-cerbyd-mo.pdf	1	64087042	136766500	0.005328	-
uk-govuk	register-a-used-vehicle-for-the-first-time-v555__v355x5w-canllaw-i-lenwi_r-ffurflen-cais-am-dreth-cerbyd-c.pdf	1	19951959	105781041	0.000281	-
uk-govuk	form-pa1p-apply-for-probate-the-deceased-had-a-w__PA1P_0124_citizen.pdf	1	15599333	93773416	0.000008	-
uk-govuk	form-pa1p-apply-for-probate-the-deceased-had-a-w__PA1P_0124_practitioner.pdf	1	22458667	107301417	0.000102	-
uk-govuk	form-pa1p-apply-for-probate-the-deceased-had-a-w__CY_PA1P_1023_citizen.pdf	1	17640166	92300750	0.000016	-
uk-govuk	form-pa1p-apply-for-probate-the-deceased-had-a-w__CY_PA1P_1023_practitioner.pdf	1	21724542	110654333	0.000018	-
uk-govuk	form-pa1p-apply-for-probate-the-deceased-had-a-w__PA1P_0124_citizen_18pt_save.pdf	1	13804125	133308917	0.000058	-
uk-govuk	deceased-joint-proprietor-djp__DJP__2025-02-17_.pdf	1	10566291	83322208	0.003132	-
uk-govuk	v890-statutory-off-road-notification-sorn__V890-make-a-statutory-off-road-notification.pdf	1	184592708	431215917	0.003329	-
uk-govuk	v890-statutory-off-road-notification-sorn__v890w-hysbysiad-oddi-ar-y-ffordd-statudol.pdf	1	228069000	469385875	0.003453	-
uk-govuk	apply-for-probate-by-post-if-there-is-not-a-will__PA1A_0225_citizen.pdf	1	15827458	88388084	0.000004	-
uk-govuk	apply-for-probate-by-post-if-there-is-not-a-will__CY_PA1A_1023_citizen__1_.pdf	1	19520166	97690792	0.000052	-
uk-govuk	apply-for-probate-by-post-if-there-is-not-a-will__PA1A_0225_practitioner.pdf	1	16478667	94517583	0.000006	-
uk-govuk	apply-for-probate-by-post-if-there-is-not-a-will__CY_PA1A_10.23_pratictioner__1_.pdf	1	18531125	107483542	0.000036	-
uk-govuk	give-notice-of-your-intention-to-proceed-with-an__Form_A_0526_save.pdf	1	14234750	79992125	0.000393	-
uk-govuk	application-to-re-register-a-birth-following-mar__Application_for_the_re-registration_of_a_child_s_birth_f.pdf	1	13480209	89929208	0.002432	-
uk-govuk	application-to-re-register-a-birth-following-mar__Cais_am_ailgofrestru_genedigaeth_plentyn_yn_dilyn_prioda.pdf	1	18559833	112223958	0.002966	-
uk-govuk	application-to-re-register-a-birth-following-mar__How_to_apply_for_a_child_s_birth_re-registration_followi.pdf	1	9255833	79677292	0.002190	-
uk-govuk	application-to-re-register-a-birth-following-mar__Sut_i_wneud_cais_am_ailgofrestru_genedigaeth_plentyn_yn_.pdf	1	11533916	92536750	0.002214	-
uk-govuk	national-insurance-employment-history-request__Employer.pdf	1	11930041	80810083	0.000211	-
uk-govuk	national-insurance-employment-history-request__Profforma_Cyflogwyr_Cymraeg.pdf	1	12358500	76256666	0.000122	-
uk-govuk	form-d81-statement-of-information-for-a-consent-__D81_0425_save.pdf	1	9849125	59055083	0.003172	-
uk-govuk	form-d81-statement-of-information-for-a-consent-__D81_16pt.pdf	1	10040334	76479916	0.002943	-
uk-govuk	apply-for-a-postal-vote-paper-form__PO_E_Postal_England_v2.pdf	1	14426750	93217875	0.000475	-
uk-govuk	apply-for-a-postal-vote-paper-form__EC2025_PO-S_Postal_Scotland_v2.pdf	1	14071875	99980917	0.000808	-
uk-govuk	apply-for-a-postal-vote-paper-form__PO-S-R_PostalScotland2025_Reserved.pdf	1	13971917	103397000	0.000383	-
uk-govuk	apply-for-a-postal-vote-paper-form__PO-S-D_PostalScotland2025_Devolved.pdf	1	12347459	95693875	0.000428	-
uk-govuk	apply-for-a-postal-vote-paper-form__EC2025_PO-W_Postal_Wales_v2.pdf	1	14744708	101756000	0.000774	-
uk-govuk	apply-for-a-postal-vote-paper-form__PO-W-R_PostalWales2025_Reserved.pdf	1	15925625	102867084	0.000582	-
uk-govuk	apply-for-a-postal-vote-paper-form__PO-W-D_PostalWales2025_Devolved.pdf	1	13138334	91042250	0.000353	-
uk-govuk	apply-for-a-postal-vote-paper-form__EC2025_PO-O_Postal_Overseas_v2.pdf	1	14911209	92112166	0.000489	-
uk-govuk	disabled-students-allowance-application-forms-an__sfe_dsa1_form_2627_o.pdf	1	5952208	60206458	0.000554	-
uk-govuk	disabled-students-allowance-application-forms-an__sfe_dsa1_notes_2627_o.pdf	1	6275541	39424375	0.000086	-
uk-govuk	disabled-students-allowance-application-forms-an__sfe_dsa_slimline_form_2627_o.pdf	1	5860250	43603625	0.000558	-
uk-govuk	disabled-students-allowance-application-forms-an__sfe_dsa_expenses_claim_form_2627_o.pdf	1	9392458	76116916	0.001785	-
uk-govuk	disabled-students-allowance-application-forms-an__sfe_dsa_disability_evidence_form_2627_o.pdf	1	9106958	88392459	0.001409	-
uk-govuk	keep-a-record-of-your-pupils-driving-lessons__learning-to-drive-lesson-by-lesson.pdf	1	12599792	72840542	0.002814	-
uk-govuk	keep-a-record-of-your-pupils-driving-lessons__learning-to-drive-record-overall-progress.pdf	1	13293125	73356875	0.007200	-
uk-govuk	applying-for-a-passport-from-outside-the-uk-appl__CCS0226120416-001_PN10604791_Online_Overseas_Passport_Ap.pdf	1	55215000	99549500	0.007472	-
uk-govuk	replace-a-document-on-the-companies-house-regist__RP01_v8.0-FINAL.pdf	1	16586125	69447917	0.000309	-
uk-govuk	application-for-vehicle-tax-v10__v10-application-for-vehicle-tax.pdf	1	219172458	375260208	0.001796	-
uk-govuk	application-for-vehicle-tax-v10__v10w-cais-am-dreth-cerbyd.pdf	1	217641083	392007000	0.001636	-
uk-govuk	register-to-vote-anonymously-paper-form__ITR-A-E_Anon.pdf	1	9805041	75696084	0.000885	-
uk-govuk	register-to-vote-anonymously-paper-form__ITR-A-W_Anon.pdf	1	9088125	76291708	0.000827	-
uk-govuk	register-to-vote-anonymously-paper-form__PF_ITR-A-W-C_WW_acc.pdf	1	9283000	77887750	0.001439	-
uk-govuk	register-to-vote-anonymously-paper-form__ITR-S-Anon.pdf	1	8995083	78091333	0.000680	-
uk-govuk	form-n215-certificate-of-service__N215_0626_save.pdf	1	11451708	53031000	0.000279	-
uk-govuk	declaration-of-exemption-from-mot-v112__v112-declaration-of-exemption-from-mot.pdf	1	209404625	375092750	0.006066	-
uk-govuk	general-register-office-gro-certificate-applicat__Birth_12_2024__2_.pdf	1	48550083	92170417	0.000167	-
uk-govuk	general-register-office-gro-certificate-applicat__1__-__Marriage_03_2025.pdf	1	49678416	94920167	0.000349	-
uk-govuk	general-register-office-gro-certificate-applicat__Death_certificate_01_2025.pdf	1	50355625	94267041	0.000235	-
uk-govuk	general-register-office-gro-certificate-applicat__Adoption_certificate_03_2025.pdf	1	56418375	109337041	0.000426	-
uk-govuk	general-register-office-gro-certificate-applicat__3__-_g_Civil_Partnership_App_Form_Apr_2025.pdf	1	53887375	122874209	0.005994	-
uk-govuk	general-register-office-gro-certificate-applicat__Overseas_birth_certificate_03_2025.pdf	1	53071125	95847875	0.000209	-
uk-govuk	general-register-office-gro-certificate-applicat__1__Overseas_Marriage_Feb_2025.pdf	1	54264584	94964750	0.000762	-
uk-govuk	general-register-office-gro-certificate-applicat__Overseas_death_certificate_03_2025.pdf	1	50946875	95443667	0.000269	-
uk-govuk	general-register-office-gro-certificate-applicat__5__-_Overseas_Civil_Partnership_1_25.pdf	1	52362709	116711792	0.008618	-
uk-govuk	make-a-claim-to-an-employment-tribunal-form-et1__ET1_0224.pdf	1	7492250	49364792	0.001388	-
uk-govuk	make-a-claim-to-an-employment-tribunal-form-et1__CY_ET1_02.24.pdf	1	7581833	55884333	0.001405	-
uk-govuk	inheritance-tax-gifts-and-other-transfers-of-val__IHT403-06-26.pdf	1	18252042	101706417	0.000050	-
uk-govuk	v888-request-by-an-individual-for-information-ab__v888-request-by-an-individual-for-information-about-a-ve.pdf	1	229208209	428162250	0.002152	-
uk-govuk	v888-request-by-an-individual-for-information-ab__v888w-cais-gan-unigolyn-am-wybodaeth-ynghylch-cerbyd.pdf	1	223885875	453933958	0.002304	-
uk-govuk	self-assessment-capital-gains-summary-sa108__SA108-2026.pdf	1	15487125	90139167	0.000385	-
uk-govuk	self-assessment-capital-gains-summary-sa108__SA108-Notes-2026.pdf	1	27424417	111030959	0.000516	-
uk-govuk	self-assessment-capital-gains-summary-sa108__sa108-2025.pdf	1	14715209	86282291	0.000339	-
uk-govuk	self-assessment-capital-gains-summary-sa108__SA108-Notes-2025.pdf	1	28071417	117007542	0.000412	-
uk-govuk	self-assessment-capital-gains-summary-sa108__sa108_2024.pdf	1	12006292	82305334	0.000373	-
uk-govuk	self-assessment-capital-gains-summary-sa108__SA108_Notes_2024.pdf	1	28179375	113102875	0.000321	-
uk-govuk	self-assessment-capital-gains-summary-sa108__SA108_2023.pdf	1	12188041	92036292	0.000345	-
uk-govuk	self-assessment-capital-gains-summary-sa108__SA108_Notes_2023.pdf	1	27446000	118454334	0.000066	-
uk-govuk	confirmation-statement-form-cs01-new-version__CS01_v7.0-FINAL.pdf	1	22697750	91446875	0.000207	-
uk-govuk	confirmation-statement-form-cs01-new-version__CS01_v7.0-FINAL-AIP-part-1.pdf	1	13084209	62336625	0.000086	-
uk-govuk	confirmation-statement-form-cs01-new-version__CS01_v7.0-FINAL-AIP-part-2.pdf	1	21329500	67305500	0.000249	-
uk-govuk	confirmation-statement-form-cs01-new-version__CS01_v7.0-FINAL-AIP-part-3.pdf	1	20134709	110259334	0.000697	-
uk-govuk	confirmation-statement-form-cs01-new-version__CS01_v7.0-FINAL-AIP-part-4.pdf	1	26284334	142546583	0.000223	-
uk-govuk	confirmation-statement-form-cs01-new-version__CS01_v7.0-FINAL-AIP-part-5.pdf	1	24210000	79927208	0.002798	-
uk-govuk	confirmation-statement-form-cs01-new-version__CS01_v7.0-FINAL-AIP-part-6.pdf	1	13950208	72377583	0.001228	-
uk-govuk	confirmation-statement-form-cs01-new-version__CS01_v7.0-FINAL-cont-pages.pdf	1	10678875	47385583	0.000763	-
uk-govuk	form-e-financial-statement-for-a-financial-order__Form_E_0123_save.pdf	1	11476042	99482208	0.001198	-
uk-govuk	form-e-financial-statement-for-a-financial-order__Form_E_Notes_0123.pdf	1	12879417	81368166	0.000717	-
uk-govuk	form-e-financial-statement-for-a-financial-order__form-e-largeprint-eng.pdf	1	6939000	63004250	0.005396	-
uk-govuk	form-e-financial-statement-for-a-financial-order__CY_Form_E_0123_save.pdf	1	13155083	101449709	0.000315	-
uk-govuk	form-e-financial-statement-for-a-financial-order__CY_Form_E_Notes_0123.pdf	1	14592333	95538959	0.000034	-
uk-govuk	enter-a-restriction-registration-rx1__RX1__2023-08-29_.pdf	1	9518666	92397584	0.002573	-
uk-govuk	enter-a-restriction-registration-rx1__RX1w__2023-08-29_.pdf	1	11281041	95663417	0.001443	-
uk-govuk	funeral-expenses-payment-claim-form__Funeral_expenses_payment_interactive_claim_form_adult.pdf	1	18214083	123488375	0.002563	-
uk-govuk	funeral-expenses-payment-claim-form__funeral_expenses_payment_notes_adults.pdf	1	8482709	57967208	0.004254	-
uk-govuk	funeral-expenses-payment-claim-form__SF200-funeral-expenses-payment-claim-form-child.pdf	1	17278625	109762708	0.002658	-
uk-govuk	funeral-expenses-payment-claim-form__SF200-funeral-expenses-payment-notes-child.pdf	1	8079125	57613917	0.004882	-
uk-govuk	funeral-expenses-payment-claim-form__SF200W_Adult_03_26__interactive_.pdf	1	18912375	109713625	0.002278	-
uk-govuk	funeral-expenses-payment-claim-form__SF200W_Adult_Notes_03_26__final_interactive_.pdf	1	9774500	55761042	0.005000	-
uk-govuk	funeral-expenses-payment-claim-form__welsh-SF200-funeral-expenses-payment-claim-form-child.pdf	1	18105459	109977750	0.002347	-
uk-govuk	funeral-expenses-payment-claim-form__welsh-SF200-funeral-expenses-payment-notes-child.pdf	1	7713792	65260917	0.004689	-
uk-govuk	self-assessment-residence-remittance-basis-etc-s__SA109-2026.pdf	1	10795459	70144875	0.000221	-
uk-govuk	self-assessment-residence-remittance-basis-etc-s__SA109-Notes-2026.pdf	1	30121709	107922292	0.000096	-
uk-govuk	self-assessment-residence-remittance-basis-etc-s__SA109-2025.pdf	1	11561500	68709458	0.000221	-
uk-govuk	self-assessment-residence-remittance-basis-etc-s__SA109-Notes-2025.pdf	1	28238792	112986625	0.000030	-
uk-govuk	self-assessment-residence-remittance-basis-etc-s__SA109_2024.pdf	1	9758666	80074875	0.000498	-
uk-govuk	self-assessment-residence-remittance-basis-etc-s__sa109_Notes_2024.pdf	1	29459750	113346708	0.000036	-
uk-govuk	self-assessment-residence-remittance-basis-etc-s__SA109_2023.pdf	1	10775125	69592041	0.000217	-
uk-govuk	self-assessment-residence-remittance-basis-etc-s__SA109-Notes-2023.pdf	1	24567709	120187875	0.000036	-
uk-govuk	self-assessment-residence-remittance-basis-etc-s__SA109-Cymraeg-2026.pdf	1	12744666	73419333	0.000271	-
uk-govuk	self-assessment-residence-remittance-basis-etc-s__SA109-Notes-2026-Cymraeg.pdf	1	27406208	110365417	0.001871	-
uk-govuk	self-assessment-residence-remittance-basis-etc-s__SA109-2025-Cymraeg.pdf	1	12909250	76783584	0.000026	-
uk-govuk	self-assessment-residence-remittance-basis-etc-s__SA109-Notes-2025-Cymraeg.pdf	1	26518708	112383000	0.000024	-
uk-govuk	self-assessment-residence-remittance-basis-etc-s__SA109_2024_Cymraeg.pdf	1	12362125	90656792	0.000183	-
uk-govuk	self-assessment-residence-remittance-basis-etc-s__SA109_Notes_2024_Cymraeg.pdf	1	27162875	115060750	0.000004	-
uk-govuk	self-assessment-residence-remittance-basis-etc-s__SA109_2023_Cymraeg.pdf	1	12784500	76693333	0.000008	-
uk-govuk	self-assessment-residence-remittance-basis-etc-s__SA109_Notes_2023_Cymraeg.pdf	1	27733709	115527166	0.000008	-
uk-govuk	student-finance-application-forms-and-notes-for-__sfe_pn1_form_2627_o.pdf	1	8982750	86214083	0.000833	-
uk-govuk	student-finance-application-forms-and-notes-for-__sfe_pn1_notes_2627_o.pdf	1	6765834	44424083	0.000361	-
uk-govuk	student-finance-application-forms-and-notes-for-__sfe_uk_passport_details_form_2627_o.pdf	1	7813791	78765083	0.001014	-
uk-govuk	complete-your-self-assessment-tax-return-for-5-a__SA100-2025.pdf	1	58933708	92114458	0.000454	-
uk-govuk	complete-your-self-assessment-tax-return-for-5-a__SA150-Notes-2025.pdf	1	22049125	100701167	0.000092	-
uk-govuk	complete-your-self-assessment-tax-return-for-5-a__SA100_2024.pdf	1	55414958	87306500	0.000460	-
uk-govuk	complete-your-self-assessment-tax-return-for-5-a__SA150_Notes_2024.pdf	1	22030375	99491708	0.000048	-
uk-govuk	complete-your-self-assessment-tax-return-for-5-a__SA100_tax_return_English_2023.pdf	1	57447667	97217416	0.000488	-
uk-govuk	complete-your-self-assessment-tax-return-for-5-a__SA150_Notes_2023.pdf	1	22652542	100842500	0.000058	-
uk-govuk	complete-your-self-assessment-tax-return-for-5-a__SA100-Cymraeg-2025.pdf	1	107168458	100754333	0.000454	-
uk-govuk	complete-your-self-assessment-tax-return-for-5-a__SA150-Notes-2025-Cymraeg.pdf	1	26852625	107128125	0.000066	-
uk-govuk	complete-your-self-assessment-tax-return-for-5-a__SA100_2024_Cymraeg.pdf	1	101624917	99908375	0.000438	-
uk-govuk	complete-your-self-assessment-tax-return-for-5-a__SA150_Notes_2024_Cymraeg.pdf	1	26354750	106560875	0.000036	-
uk-govuk	complete-your-self-assessment-tax-return-for-5-a__SA100_2023_Cymraeg.pdf	1	105830042	102092333	0.000438	-
uk-govuk	complete-your-self-assessment-tax-return-for-5-a__SA150_Notes_2023_Cymraeg.pdf	1	25878083	108538667	0.000036	-
uk-govuk	change-the-details-of-a-director-ch01__CH01_v8.0-FINAL.pdf	1	18856166	77178500	0.000165	-
uk-govuk	find-a-will-or-probate-document-form-pa1s__PA1S_0726.pdf	1	11352792	90564375	0.000403	-
uk-govuk	apply-for-an-interim-order-as-part-of-divorce-di__D11_0626_save.pdf	1	7286042	43787083	0.001247	-
uk-govuk	apply-for-an-interim-order-as-part-of-divorce-di__D11_0722_large_.pdf	1	5986459	44408541	0.000000	-
uk-govuk	self-assessment-uk-property-sa105__SA105_2026_v0.1.pdf	1	17731000	80468041	0.000195	-
uk-govuk	self-assessment-uk-property-sa105__UK_property_notes.pdf	1	25330125	115391708	0.000036	-
uk-govuk	self-assessment-uk-property-sa105__sa105_2025.pdf	1	12588375	84615500	0.000217	-
uk-govuk	self-assessment-uk-property-sa105__sa105_notes_2025.pdf	1	29456792	117834334	0.000018	-
uk-govuk	self-assessment-uk-property-sa105__SA105_2024.pdf	1	15596208	85429708	0.000331	-
uk-govuk	self-assessment-uk-property-sa105__SA105_Notes_2024.pdf	1	24153208	107674583	0.000084	-
uk-govuk	self-assessment-uk-property-sa105__SA105_2023.pdf	1	13992625	84716333	0.000321	-
uk-govuk	self-assessment-uk-property-sa105__SA105_Notes_2023.pdf	1	25712500	112469166	0.000147	-
uk-govuk	self-assessment-uk-property-sa105__Eiddo_yn_y_D.pdf	1	10758125	84530084	0.000239	-
uk-govuk	self-assessment-uk-property-sa105__Nodiadau_Eiddo_yn_y_DU.pdf	1	28940917	110707375	0.000014	-
uk-govuk	self-assessment-uk-property-sa105__sa105_Cymraeg_2025.pdf	1	13062458	95265083	0.000040	-
uk-govuk	self-assessment-uk-property-sa105__sa105_notes_2025_Cymraeg.pdf	1	25919792	110492333	0.000000	-
uk-govuk	self-assessment-uk-property-sa105__SA105_2024_Cymraeg.pdf	1	12838375	90006458	0.000040	-
uk-govuk	self-assessment-uk-property-sa105__SA105_Notes_2024_Cymraeg.pdf	1	26790583	108380500	0.000000	-
uk-govuk	self-assessment-uk-property-sa105__SA105_2023_Cymraeg.pdf	1	13014666	94426041	0.000010	-
uk-govuk	self-assessment-uk-property-sa105__SA105_Notes_2023_Cymraeg.pdf	1	27981375	110998666	0.000004	-
uk-govuk	self-assessment-uk-property-sa105__SA105_notes_worksheet_boxes_13_and_16.pdf	1	9877917	53586417	0.000460	-
uk-govuk	self-assessment-uk-property-sa105__SA105_notes_working_sheet_box_22.pdf	1	4642042	33957667	0.000040	-
uk-govuk	self-assessment-uk-property-sa105__SA105_notes_working_sheet_for_box_26_and_44.pdf	1	3548125	29915792	0.000008	-
uk-govuk	self-assessment-uk-property-sa105__SA105_notes_worksheet_boxes_38_and_41.pdf	1	11335250	61865833	0.000189	-
uk-govuk	make-a-subject-access-request-to-dvla__make-a-subject-access-request-to-dvla-form-mis1065.pdf	1	11250625	65702000	0.000596	-
uk-govuk	make-a-subject-access-request-to-dvla__ffurflen-gais-am-fynediad-at-ddata-gan-y-testun-mis1065w.pdf	1	12294875	71886083	0.000598	-
uk-govuk	make-an-application-in-existing-court-proceeding__C2_0626_save.pdf	1	15962750	83977458	0.000233	-
uk-govuk	application-for-a-state-pension-statement__br19.pdf	1	15994250	95389667	0.002082	-
uk-govuk	application-for-a-state-pension-statement__br19w.pdf	1	17322959	99691292	0.002122	-
uk-govuk	declaration-of-voluntary-surrender__statement-of-medical-surrender.pdf	1	9442375	51875084	0.000608	-
uk-govuk	apply-for-a-divorce-or-to-dissolve-a-civil-partn__D8_0125.pdf	1	16930792	119002084	0.001092	-
uk-govuk	apply-for-a-divorce-or-to-dissolve-a-civil-partn__D8_-_Application_for_a_divorce_or_dissolution__ending_a_.pdf	1	10075542	122959666	0.002806	-
uk-govuk	register-a-private-or-public-company-in01__IN01_v12.0-FINAL.pdf	1	21400125	116816000	0.000277	-
uk-govuk	form-a-restriction-application-to-enter-sev__SEV__2023-08-29_.pdf	1	8372334	94427500	0.003451	-
uk-govuk	form-a-restriction-application-to-enter-sev__SEVw__2023-08-29_.pdf	1	11639125	96859708	0.004659	-
uk-govuk	birth-certificate-application-form__4__-_Birth_12_2024__2_.pdf	1	50800541	92070084	0.000169	-
uk-govuk	notice-claiming-the-right-to-buy--2__RTB1-form.pdf	1	105354583	143633417	0.001158	-
uk-govuk	change-a-company-name-nm01__NM01_v7.0-FINAL.pdf	1	18931000	79687250	0.000149	-
uk-govuk	form-pa15-give-up-probate-executor-rights__PA15_1124.pdf	1	7155542	48048209	0.000528	-
uk-govuk	form-pa15-give-up-probate-executor-rights__CY_PA15_1124.pdf	1	7938333	53113666	0.000837	-
uk-govuk	carers-allowance-claim-form__ds700carers-allowance-claim-for-english.pdf	1	23770750	116166625	0.001971	-
uk-govuk	carers-allowance-claim-form__ds700-notes.pdf	1	8332333	56710583	0.004450	-
uk-govuk	carers-allowance-claim-form__ds700-state-pension-claim-form.pdf	1	23151541	106300666	0.003465	-
uk-govuk	carers-allowance-claim-form__ds700-state-pension-notes.pdf	1	10366500	59703541	0.004005	-
uk-govuk	carers-allowance-claim-form__ds700-welsh.pdf	1	24462458	123340208	0.002060	-
uk-govuk	carers-allowance-claim-form__ds700-welsh-notes.pdf	1	8974084	52201209	0.002955	-
uk-govuk	carers-allowance-claim-form__ds700-state-pension-welsh.pdf	1	22953000	112487250	0.003975	-
uk-govuk	carers-allowance-claim-form__ds700-state-pension-welsh-notes.pdf	1	9115250	58438208	0.002802	-
uk-govuk	corporation-tax-company-tax-return-ct600-2015-ve__ct600.pdf	1	10795208	69995542	0.000056	-
uk-govuk	cancel-a-restriction-registration-rx3__RX3__2018-05-25_.pdf	1	9530583	82129667	0.003114	-
uk-govuk	cancel-a-restriction-registration-rx3__RX3w__2018-05-25_.pdf	1	9747458	86095000	0.001886	-
uk-govuk	claim-child-benefit-if-you-cannot-claim-online__CH2_online_form.pdf	1	16477417	95706333	0.000397	-
uk-govuk	claim-child-benefit-if-you-cannot-claim-online__CH2_CS.pdf	1	12854042	77673625	0.000697	-
uk-govuk	claim-child-benefit-if-you-cannot-claim-online__CH2_Notes.pdf	1	4725166	51022458	0.002321	-
uk-govuk	claim-child-benefit-if-you-cannot-claim-online__CH2_Welsh.pdf	1	18499709	106299625	0.000153	-
uk-govuk	claim-child-benefit-if-you-cannot-claim-online__CH2_CS-Welsh.pdf	1	13001041	83759625	0.000554	-
uk-govuk	claim-child-benefit-if-you-cannot-claim-online__CH2-Notes_Welsh.pdf	1	4287084	51887834	0.003067	-
uk-govuk	form-n245-application-for-suspension-of-a-warran__n245-eng.pdf	1	21362625	87819750	0.000434	-
uk-govuk	form-n245-application-for-suspension-of-a-warran__n245-largeprint-eng.pdf	1	8355333	88356084	0.008997	-
uk-govuk	form-n245-application-for-suspension-of-a-warran__n245-bil.pdf	1	11123583	87857792	0.000237	-
uk-govuk	application-to-re-register-a-childs-birth-and-ad__Application_to_re-register_a_child_s_birth_and_add_the_f.pdf	1	13781083	95413625	0.001857	-
uk-govuk	application-to-re-register-a-childs-birth-and-ad__Cais_i_ailgofrestru_genedigaeth_plentyn_ac_ychwanegu_man.pdf	1	15287834	101531083	0.003748	-
uk-govuk	application-to-re-register-a-childs-birth-and-ad__How_to_apply_for_a_birth_re-registration_to_add_the_fath.pdf	1	8857917	70392542	0.001989	-
uk-govuk	application-to-re-register-a-childs-birth-and-ad__Sut_i_wneud_cais_am_ailgofrestru_genedigaeth_er_mwyn_ych.pdf	1	11616375	89314750	0.001750	-
uk-govuk	health-adjustment-passport__health-adjustment-passport.pdf	1	17303625	97635292	0.002314	-
uk-govuk	health-adjustment-passport__health-adjustment-passport-easy-read-form-large-print.pdf	1	7864417	78155708	0.001190	-
uk-govuk	health-adjustment-passport__health-adjustment-passport-easy-read-form.pdf	1	92940250	125523542	0.007724	-
uk-govuk	health-adjustment-passport__health-adjustment-passport-welsh.pdf	1	18077875	93845292	0.002218	-
uk-govuk	health-adjustment-passport__health-adjustment-passport-easy-read-form-welsh.pdf	1	91852542	124345833	0.005541	-
uk-govuk	health-adjustment-passport__health-adjustment-passport-easy-read-form-large-print-welsh.pdf	1	5616458	75936500	0.004258	-
uk-govuk	whole-of-registered-title-assent-as1__AS1__2024-04-22_.pdf	1	9452667	84176042	0.002653	-
uk-govuk	whole-of-registered-title-assent-as1__AS1w__2024-04-22_.pdf	1	10538583	88798667	0.001926	-
us-dol	1996-schedule-b.pdf	1	13198042	96144625	0.007190	-
us-dol	1996-schedule-e.pdf	1	14262458	118301333	0.015416	-
us-dol	1996-schedule-f.pdf	1	14060250	124826583	0.012996	-
us-dol	1996-schedule-p.pdf	1	14903541	119683917	0.011500	-
us-dol	1997-schedule-a.pdf	1	12499583	103045167	0.011582	-
us-dol	1997-schedule-b.pdf	1	12880125	97133792	0.007161	-
us-dol	1997-schedule-c.pdf	1	6782209	79481000	0.004213	-
us-dol	1997-schedule-e.pdf	1	13819042	115835959	0.015315	-
us-dol	1997-schedule-f.pdf	1	12911208	127463250	0.013179	-
us-dol	1997-schedule-g.pdf	1	5001042	57497417	0.002503	-
us-dol	1997-schedule-p.pdf	1	14703750	118015167	0.011448	-
us-dol	1998-schedule-a.pdf	1	11304041	104018834	0.011756	-
us-dol	1998-schedule-c.pdf	1	7175375	78888625	0.004339	-
us-dol	1998-schedule-e.pdf	1	14602708	116541042	0.015345	-
us-dol	1998-schedule-f.pdf	1	14232500	128732834	0.012080	-
us-dol	1999-5500-schedule-a.pdf	1	9042625	61756958	0.004489	-
us-dol	1999-schedule-d.pdf	1	7833500	71021459	0.013674	-
us-dol	1999-schedule-g.pdf	1	7443250	63003500	0.004908	-
us-dol	1999-schedule-i.pdf	1	10935125	82983708	0.003718	-
us-dol	1999-schedule-p.pdf	1	10451958	73679000	0.002340	-
us-dol	1999-schedule-t.pdf	1	10685958	82053333	0.003064	-
us-dol	2000-5500-schedule-a.pdf	1	12169333	53902583	0.001894	-
us-dol	2000-schedule-c.pdf	1	12325792	65827833	0.000270	-
us-dol	2000-schedule-d.pdf	1	12709791	61766750	0.001972	-
us-dol	2000-schedule-e.pdf	1	15297375	69812083	0.000068	-
us-dol	2000-schedule-g.pdf	1	10936458	50536334	0.002009	-
us-dol	2000-schedule-h.pdf	1	20339834	70600166	0.002546	-
us-dol	2000-schedule-i.pdf	1	21889042	73589958	0.002416	-
us-dol	2001-5500-schedule-a.pdf	1	13021167	57167375	0.001892	-
us-dol	2001-schedule-d.pdf	1	12486458	61626042	0.001970	-
us-dol	2001-schedule-e.pdf	1	14203541	72362958	0.000105	-
us-dol	2001-schedule-g.pdf	1	16275500	52701250	0.001723	-
us-dol	2001-schedule-i.pdf	1	23917667	75023166	0.002410	-
us-dol	2001-schedule-t.pdf	1	14740083	72237916	0.000984	-
us-dol	2002-schedule-c.pdf	1	8362833	79958209	0.001904	-
us-dol	2002-schedule-d.pdf	1	12376709	61201916	0.001981	-
us-dol	2002-schedule-g.pdf	1	14331166	67123041	0.001733	-
us-dol	2002-schedule-h.pdf	1	20297458	70574958	0.002424	-
us-dol	2002-schedule-i.pdf	1	20776750	76548042	0.002420	-
us-dol	2004-schedule-c.pdf	1	16319583	77800417	0.000194	-
us-dol	2004-schedule-d.pdf	1	17487458	65555291	0.001832	-
us-dol	2004-schedule-e.pdf	1	14383333	85139959	0.000392	-
us-dol	2004-schedule-g.pdf	1	11448541	50524458	0.001805	-
us-dol	2004-schedule-i.pdf	1	21167417	73887750	0.002556	-
us-dol	2005-schedule-d.pdf	1	12906209	62108167	0.001892	-
us-dol	2005-schedule-g.pdf	1	11940208	54433417	0.001937	-
us-dol	2006-5500-schedule-a.pdf	1	12848625	58320709	0.002104	-
us-dol	2006-schedule-c.pdf	1	14878500	69912125	0.000268	-
us-dol	2006-schedule-g.pdf	1	15697375	51149084	0.001939	-
us-dol	2006-schedule-i.pdf	1	24572292	79884417	0.002346	-
us-dol	2009-schedule-d.pdf	1	21724292	96663917	0.006255	-
us-dol	2009-schedule-g.pdf	1	23041541	96152042	0.012859	-
us-dol	2009-schedule-i.pdf	1	24650375	103855708	0.003227	-
us-dol	2009-schedule-mb.pdf	1	24095417	93940459	0.002410	-
us-dol	2010-schedule-d.pdf	1	17771458	94490333	0.006247	-
us-dol	2010-schedule-i.pdf	1	21898709	100610542	0.003227	-
us-dol	2010-schedule-mb.pdf	1	21942667	89114500	0.002404	-
us-dol	2011-schedule-c.pdf	1	16584417	85922084	0.001578	-
us-dol	2011-schedule-d.pdf	1	32434083	100127041	0.012719	-
us-dol	2011-schedule-mb.pdf	1	12299834	85108166	0.003784	-
us-dol	2011-schedule-r.pdf	1	26224583	108913375	0.006097	-
us-dol	2012-schedule-i.pdf	1	22096250	103141125	0.005515	-
us-dol	2013-schedule-d.pdf	1	19922958	99564625	0.007097	-
us-dol	2013-schedule-i.pdf	1	22233167	104976166	0.004751	-
us-dol	2014-schedule-d.pdf	1	15100958	89734667	0.007048	-
us-dol	2014-schedule-g.pdf	1	15242917	85517833	0.006422	-
us-dol	2014-schedule-i.pdf	1	17239791	100030959	0.004733	-
us-dol	2015-schedule-d.pdf	1	18056125	97686167	0.006534	-
us-dol	2015-schedule-i.pdf	1	21863375	100895584	0.003513	-
us-dol	2015-schedule-mb.pdf	1	23065166	95820125	0.002507	-
us-dol	owcp-5a_ES.pdf	1	23975916	87420333	0.000941	-
us-dol	owcp-5b_ES.pdf	1	29046500	106814042	0.000728	-
us-dol	owcp-5c_ES.pdf	1	27012541	92394292	0.000497	-
us-dol	CA-10.pdf	1	14543291	107478292	0.000233	-
us-dol	OWCP-957A.pdf	1	16196375	87105250	0.000415	-
us-dol	OWCP-957B.pdf	1	19157375	91061166	0.001531	-
us-dol	ca-17_ES.pdf	1	31822250	106686625	0.001615	-
us-dol	ca-20_ES.pdf	1	26152709	82942916	0.003435	-
us-dol	WH-380-E-es.pdf	1	17915333	92235459	0.000567	-
us-dol	WH-380-E.pdf	1	14984583	90907250	0.000623	-
us-dol	WH-380-F-es.pdf	1	17714125	95288542	0.000739	-
us-dol	WH-380-F.pdf	1	14963500	93118166	0.000576	-
us-dol	WH-381-es.pdf	1	20163125	96002916	0.000871	-
us-dol	WH-381.pdf	1	17108958	94040959	0.000629	-
us-dol	WH-382-es.pdf	1	25046458	99020417	0.000213	-
us-dol	WH-382.pdf	1	19700917	96766875	0.000122	-
us-dol	WH-384-es.pdf	1	18674709	97087292	0.000285	-
us-dol	WH-384.pdf	1	18483417	101165875	0.000293	-
us-dol	WH-385-es.pdf	1	21115541	112305916	0.000423	-
us-dol	WH-385.pdf	1	19834500	97394208	0.000116	-
us-dol	wh-385-V-es.pdf	1	23334000	105242625	0.001490	-
us-dol	wh-385-V.pdf	1	18083333	108717417	0.000650	-
us-dol	2023-form-5500-ez.pdf	1	30912042	109200083	0.019352	-
us-dol	2023-form-5500-sf.pdf	1	30579834	119172541	0.005488	-
us-dol	2023-form-5500.pdf	1	31273000	95287375	0.004964	-
us-dol	2023-schedule-a.pdf	1	22725000	96379916	0.013097	-
us-dol	2023-schedule-c.pdf	1	21516584	84720458	0.004184	-
us-dol	2023-schedule-d.pdf	1	25830917	96165333	0.006435	-
us-dol	2023-schedule-dcg.pdf	1	21732750	102442000	0.007270	-
us-dol	2023-schedule-g.pdf	1	32699916	89510334	0.011112	-
us-dol	2023-schedule-h.pdf	1	30473041	93698667	0.006063	-
us-dol	2023-schedule-i.pdf	1	29052458	102568084	0.006326	-
us-dol	2023-schedule-mb.pdf	1	26178959	99049958	0.002057	-
us-dol	2023-schedule-mep.pdf	1	25125125	100129375	0.005065	-
us-dol	2023-schedule-r.pdf	1	28806375	114042125	0.001818	-
us-dol	2023-schedule-sb.pdf	1	32761000	94258458	0.008533	-
us-dol	2024-form-5500-ez.pdf	1	19700667	96092125	0.019455	-
us-dol	2024-form-5500-sf.pdf	1	43182416	108388042	0.005389	-
us-dol	2024-form-5500.pdf	1	26320625	89762167	0.006216	-
us-dol	2024-schedule-a.pdf	1	27314458	75386708	0.008273	-
us-dol	2024-schedule-c.pdf	1	31352125	80431959	0.004124	-
us-dol	2024-schedule-d.pdf	1	30914375	88185625	0.012276	-
us-dol	2024-schedule-dcg.pdf	1	31519208	89018834	0.005665	-
us-dol	2024-schedule-g.pdf	1	28096167	81566542	0.012387	-
us-dol	2024-schedule-h.pdf	1	39172792	87658709	0.005975	-
us-dol	2024-schedule-i.pdf	1	40603375	97686792	0.006470	-
us-dol	2024-schedule-mb.pdf	1	39188292	90846875	0.003309	-
us-dol	2024-schedule-mep.pdf	1	26387708	94569917	0.005017	-
us-dol	2024-schedule-r.pdf	1	37444583	107569708	0.003714	-
us-dol	2024-schedule-sb.pdf	1	40531334	89434166	0.006066	-
us-dol	2025-form-5500-ez.pdf	1	29434416	101601042	0.019496	-
us-dol	2025-form-5500-sf.pdf	1	30883084	110504417	0.005568	-
us-dol	2025-form-5500.pdf	1	23671167	86305000	0.004481	-
us-dol	2025-form-5558.pdf	1	18063291	66535834	0.004479	-
us-dol	2025-schedule-a.pdf	1	21077875	76031459	0.006571	-
us-dol	2025-schedule-c.pdf	1	22470250	77500375	0.012177	-
us-dol	2025-schedule-d.pdf	1	20396166	84233500	0.004712	-
us-dol	2025-schedule-dcg.pdf	1	21732458	87641042	0.005575	-
us-dol	2025-schedule-g.pdf	1	24549958	81713208	0.003423	-
us-dol	2025-schedule-h.pdf	1	22519625	82966792	0.008174	-
us-dol	2025-schedule-i.pdf	1	25407625	97863208	0.010584	-
us-dol	2025-schedule-mb.pdf	1	25701041	87351667	0.004859	-
us-dol	2025-schedule-mep.pdf	1	24732584	91818417	0.005001	-
us-dol	2025-schedule-r.pdf	1	29087125	107172708	0.005488	-
us-dol	2025-schedule-sb.pdf	1	25056708	87200042	0.005434	-
us-dol	CA-27_sample.pdf	1	2826667	43783416	0.000243	-
us-dol	CA-40.pdf	1	24763125	88349917	0.001795	-
us-dol	CA-41.pdf	1	18125333	86503250	0.000586	-
us-dol	CA-42.pdf	1	23897167	96372750	0.000194	-
us-dol	owcp-04.pdf	1	11084584	77239125	0.002063	-
us-irs	f1040.pdf	1	27469209	106541250	0.003088	-
us-irs	f1040s1.pdf	1	15568875	79859416	0.000462	-
us-irs	f1040s2.pdf	1	13788959	78090542	0.000378	-
us-irs	f1040s3.pdf	1	14614625	76127459	0.000497	-
us-irs	f1040sa.pdf	1	18391084	93916000	0.000561	-
us-irs	f1040sb.pdf	1	16558625	84929250	0.000679	-
us-irs	f1040sc.pdf	1	24018292	90921458	0.001859	-
us-irs	f1040sd.pdf	1	20262833	96379167	0.000755	-
us-irs	f1040se.pdf	1	17293750	89289917	0.000877	-
us-irs	f1040sf.pdf	1	18022250	92452083	0.001294	-
us-irs	f1040sh.pdf	1	17759417	71978084	0.000373	-
us-irs	f1040sj.pdf	1	15802292	77012542	0.000233	-
us-irs	f1040sr.pdf	1	18553750	82737125	0.000068	-
us-irs	f1040sse.pdf	1	17021959	86427875	0.000479	-
us-irs	f1040es.pdf	1	16720125	138912709	0.001149	-
us-irs	f1040x.pdf	1	25443542	103426292	0.002833	-
us-irs	f1040nr.pdf	1	19524417	91877917	0.000763	-
us-irs	f1065.pdf	1	20546208	106496750	0.002818	-
us-irs	f1120.pdf	1	20542833	94175292	0.001943	-
us-irs	f1120s.pdf	1	21377709	101319125	0.001475	-
us-irs	f2106.pdf	1	13466667	73888417	0.000347	-
us-irs	f2210.pdf	1	20312292	110103750	0.000520	-
us-irs	f2441.pdf	1	20942958	94893500	0.001337	-
us-irs	f2555.pdf	1	22073333	115562500	0.000704	-
us-irs	f3115.pdf	1	22327583	98573833	0.001380	-
us-irs	f3468.pdf	1	18886209	96168083	0.000297	-
us-irs	f3800.pdf	1	26919459	120231583	0.001292	-
us-irs	f4136.pdf	1	24862500	94560042	0.000788	-
us-irs	f4562.pdf	1	18555708	92582209	0.001615	-
us-irs	f4684.pdf	1	20901416	96729708	0.000470	-
us-irs	f4797.pdf	1	19844083	93579250	0.001205	-
us-irs	f4868.pdf	1	132615208	216393166	0.002399	-
us-irs	f5329.pdf	1	29600500	112989791	0.001871	-
us-irs	f5471.pdf	1	15862417	70547208	0.001525	-
us-irs	f5695.pdf	1	14272959	85962292	0.000532	-
us-irs	f6251.pdf	1	20573916	107059958	0.000470	-
us-irs	f6252.pdf	1	26156750	105178292	0.001337	-
us-irs	f7004.pdf	1	13955833	78006125	0.002150	-
us-irs	f8283.pdf	1	18385667	87201750	0.000778	-
us-irs	f8582.pdf	1	19939042	85946917	0.000732	-
us-irs	f8606.pdf	1	18553250	94129875	0.000780	-
us-irs	f8615.pdf	1	19003917	93935458	0.000392	-
us-irs	f8812.pdf	1	20505667	91685500	0.000375	-
us-irs	f8829.pdf	1	19961041	102600709	0.000662	-
us-irs	f8863.pdf	1	18532750	86166917	0.000446	-
us-irs	f8949.pdf	1	19064708	83867917	0.001005	-
us-irs	f8959.pdf	1	16567333	91047500	0.000545	-
us-irs	f8960.pdf	1	17525000	91000833	0.000687	-
us-irs	f8962.pdf	1	20245917	88650958	0.003450	-
us-irs	f8995.pdf	1	15283208	71562000	0.000386	-
us-irs	f9465.pdf	1	29999750	108092209	0.000755	-
us-irs	fw2.pdf	1	18923334	93123667	0.002111	-
us-irs	fw4.pdf	1	21573375	109197792	0.001017	-
us-irs	fw9.pdf	1	25093625	106130917	0.001112	-
us-irs	fw7.pdf	1	24667417	92563125	0.000689	-
us-irs	fw8ben.pdf	1	19694542	82533083	0.000468	-
us-irs	fw8bene.pdf	1	21998666	91363458	0.000746	-
us-irs	f1099msc.pdf	1	23243125	116778375	0.001508	-
us-irs	f1099nec.pdf	1	23859833	116754875	0.001508	-
us-irs	f941.pdf	1	17372125	84544208	0.001512	-
us-irs	f940.pdf	1	16795417	93621209	0.002527	-
us-irs	f944.pdf	1	13552750	77059542	0.001413	-
us-irs	f720.pdf	1	16708167	94174209	0.004324	-
us-irs	f990.pdf	1	25180541	101604709	0.001514	-
us-irs	f990ez.pdf	1	22385834	112028625	0.002257	-
us-irs	f990pf.pdf	1	19831750	103578750	0.002608	-
us-irs	f1024.pdf	1	4197584	51136125	0.000406	-
us-irs	f2848.pdf	1	16050083	85990792	0.000833	-
us-irs	f8821.pdf	1	14937458	76636000	0.001335	-
us-opm	SF2801PR.pdf	1	12941875	95308958	0.001236	-
us-opm	of178.pdf	1	15352750	103225292	0.002678	-
us-opm	of311.pdf	1	11115417	97944084	0.001467	-
us-opm	of5057.pdf	1	27297500	62010333	0.000080	-
us-opm	of69.pdf	1	8981500	66891875	0.000107	-
us-opm	of8.pdf	1	11704625	72875333	0.001335	-
us-opm	sf-2800.pdf	1	57465917	126722667	0.000111	-
us-opm	sf-2803.pdf	1	15654583	93220000	0.001681	-
us-opm	sf113a.pdf	1	11926875	80362750	0.001488	-
us-opm	sf113g.pdf	1	11936208	75772625	0.002890	-
us-opm	sf1152.pdf	1	31821541	86317250	0.000375	-
us-opm	sf1153.pdf	1	11227625	85522458	0.000146	-
us-opm	sf1187.pdf	1	13167500	83107541	0.000045	-
us-opm	sf1188.pdf	1	9452583	76307375	0.001287	-
us-opm	sf144.pdf	1	64895083	168375834	0.006757	-
us-opm	sf144a.pdf	1	8917333	88346250	0.002925	-
us-opm	sf15.pdf	1	21995625	92685500	0.001855	-
us-opm	sf181.pdf	1	15505042	123358125	0.000685	-
us-opm	sf182.pdf	1	16296333	91010541	0.001337	-
us-opm	sf256.pdf	1	12825416	100861500	0.006687	-
us-opm	sf2800a.pdf	1	12984334	101046542	0.000635	-
us-opm	sf2801.pdf	1	16956083	136806083	0.000891	-
us-opm	sf2802.pdf	1	18519791	86695291	0.003969	-
us-opm	sf2804.pdf	1	17094209	104597083	0.001120	-
us-opm	sf2805.pdf	1	18770792	104661667	0.000122	-
us-opm	sf2806-1.pdf	1	12840875	69937417	0.001199	-
us-opm	sf2807.pdf	1	9046417	61227584	0.003809	-
us-opm	sf2809.pdf	1	31531250	133067916	0.000978	-
us-opm	sf2810.pdf	1	11262167	99983750	0.007770	-
us-opm	sf2812.pdf	1	7657167	65882375	0.007039	-
us-opm	sf2812a-1.pdf	1	6236542	37520667	0.000006	-
us-opm	sf2817.pdf	1	21335250	128655917	0.007006	-
us-opm	sf2818.pdf	1	30265500	154584125	0.000303	-
us-opm	sf2819.pdf	1	21688084	121643458	0.003928	-
us-opm	sf2820.pdf	1	15079500	115604167	0.056370	-
us-opm	sf2821.pdf	1	15286209	111019334	0.002082	-
us-opm	sf2822.pdf	1	19330416	132053500	0.000089	-
us-opm	sf2823.pdf	1	39891250	104323250	0.000922	-
us-opm	sf3100.pdf	1	11308541	71944458	0.008506	-
us-opm	sf3101.pdf	1	8421666	64129417	0.003596	-
us-opm	sf3102.pdf	1	26063083	110539458	0.003161	-
us-opm	sf3103.pdf	1	5927541	61374458	0.000260	-
us-opm	sf3104.pdf	1	14855875	131622916	0.000093	-
us-opm	sf3104b.pdf	1	14573959	127316792	0.000070	-
us-opm	sf3106.pdf	1	14518083	93760583	0.026086	-
us-opm	sf3107.pdf	1	20534958	136868750	0.000190	-
us-opm	sf3107pr.pdf	1	13736625	94544625	0.001190	-
us-opm	sf3108.pdf	1	15426958	105145416	0.007929	-
us-opm	sf3109.pdf	1	8619750	74173625	0.003883	-
us-opm	sf3110.pdf	1	13911000	93307334	0.005325	-
us-opm	sf3111.pdf	1	14240375	93930583	0.001884	-
us-opm	sf3112.pdf	1	16003542	125097125	0.000633	-
us-opm	sf3116.pdf	1	18233500	102565083	0.000734	-
us-opm	sf3119.pdf	1	20041708	107188584	0.000429	-
us-opm	sf39.pdf	1	9349083	83958500	0.003765	-
us-opm	sf39a.pdf	1	2737416	42015583	0.000231	-
us-opm	sf52.pdf	1	28247167	69958709	0.000025	-
us-opm	sf59.pdf	1	9078875	61254791	0.000326	-
us-opm	sf61.pdf	1	6956250	78579625	0.005496	-
us-opm	sf62.pdf	1	9639708	79444375	0.004479	-
us-opm	sf75.pdf	1	13560375	63863916	0.000307	-
us-opm	sf813.pdf	1	8548708	58520625	0.000138	-
us-opm	sf85.pdf	1	6984458	48818791	0.000000	-
us-opm	sf85p.pdf	1	22542500	219785416	0.000384	-
us-opm	sf85ps.pdf	1	11813709	83382542	0.000132	-
us-opm	sf86.pdf	1	23210334	290984917	0.000604	-
us-ssa	cms-l564e.pdf	1	24522542	99835334	0.001217	-
us-ssa	cms-l564s.pdf	1	11649708	63036834	0.000250	-
us-ssa	cms1763.pdf	1	16255875	68125083	0.000219	-
us-ssa	cms40b-e.pdf	1	11475917	76892208	0.000120	-
us-ssa	cms40b-s.pdf	1	12582167	81863667	0.000113	-
us-ssa	fss4.pdf	1	20178583	90351000	0.001589	-
us-ssa	fss4sp.pdf	1	25532500	97964208	0.000778	-
us-ssa	fw4v.pdf	1	24057334	113077667	0.000640	-
us-ssa	SSA-8-SP.pdf	1	8585417	102687584	0.002622	-
us-ssa	ha-4608.pdf	1	6706417	83721541	0.002300	-
us-ssa	ha-4631.pdf	1	4785042	65875292	0.001318	-
us-ssa	ha-4632.pdf	1	3899625	84771375	0.000805	-
us-ssa	ha-4633.pdf	1	7673042	96036792	0.000706	-
us-ssa	ha-501.pdf	1	14149958	124817125	0.003041	-
us-ssa	ha-510.pdf	1	4204625	59351666	0.001170	-
us-ssa	ha-510sp.pdf	1	4843541	65766084	0.000149	-
us-ssa	ha-520.pdf	1	12465208	115415042	0.002329	-
us-ssa	ha-520sp.pdf	1	11562542	113445125	0.001508	-
us-ssa	ha-539-sp.pdf	1	8586750	90329708	0.000600	-
us-ssa	ha-539.pdf	1	6620542	90208000	0.001442	-
us-ssa	ha-85.pdf	1	10861458	81647292	0.000146	-
us-ssa	ha-86-sp.pdf	1	10281958	80851208	0.001956	-
us-ssa	ha-86.pdf	1	10074583	83135500	0.000411	-
us-ssa	ha-l90.pdf	1	6044084	77155583	0.000724	-
us-ssa	ss-5-am-inst.pdf	1	15414375	116619250	0.001644	-
us-ssa	ss-5-ar-inst.pdf	1	12323375	89382500	0.000765	-
us-ssa	ss-5-ch-inst.pdf	1	28071125	94748750	0.000536	-
us-ssa	ss-5-chs-inst.pdf	1	16955667	90189958	0.000256	-
us-ssa	ss-5-fa-inst.pdf	1	13899250	99261666	0.000767	-
us-ssa	ss-5-fr-inst.pdf	1	13424125	111093250	0.001234	-
us-ssa	ss-5-gr-inst.pdf	1	15003791	115044667	0.002647	-
us-ssa	ss-5-hc-inst.pdf	1	12913667	112637458	0.002868	-
us-ssa	ss-5-it-inst.pdf	1	14442084	101792875	0.001717	-
us-ssa	ss-5-kor-inst.pdf	1	39407708	110893833	0.001087	-
us-ssa	ss-5-pe-inst.pdf	1	14735875	101292375	0.002001	-
us-ssa	ss-5-po-inst.pdf	1	15022666	120824292	0.001735	-
us-ssa	ss-5-ru-inst.pdf	1	25812375	105930542	0.002787	-
us-ssa	ss-5-so-inst.pdf	1	15370916	113150458	0.002624	-
us-ssa	ss-5-tl-inst.pdf	1	14999834	105215125	0.001898	-
us-ssa	ss-5-ua-inst.pdf	1	23787584	110259500	0.001574	-
us-ssa	ss-5-vi-inst.pdf	1	19187708	125798042	0.001374	-
us-ssa	ss-5.pdf	1	11610084	106548750	0.002026	-
us-ssa	ss-5fs.pdf	1	11029917	112393708	0.002360	-
us-ssa	ss-5sp.pdf	1	13508875	121186291	0.001946	-
us-ssa	ssa-1-bk-sp.pdf	1	7438916	87810792	0.000448	-
us-ssa	ssa-1-bk.pdf	1	6345667	83632875	0.000790	-
us-ssa	ssa-10-bk-sp.pdf	1	10265167	103141125	0.003338	-
us-ssa	ssa-10-inst.pdf	1	11663917	104247584	0.001950	-
us-ssa	ssa-10.pdf	1	8582125	74544875	0.001525	-
us-ssa	ssa-1021-inst-sp.pdf	1	16008459	116057834	0.000772	-
us-ssa	ssa-1021-inst.pdf	1	14028042	109304708	0.000534	-
us-ssa	ssa-1021-sp.pdf	1	9825333	74116583	0.000741	-
us-ssa	ssa-1021.pdf	1	9784875	70331083	0.000644	-
us-ssa	ssa-131.pdf	1	9664750	75748958	0.000528	-
us-ssa	ssa-1372-bk-fc-sp.pdf	1	11094541	109230375	0.004481	-
us-ssa	ssa-1372.pdf	1	8750916	112244125	0.006571	-
us-ssa	ssa-1372bkfc.pdf	1	8570625	95881375	0.003835	-
us-ssa	ssa-1383-fc.pdf	1	8217583	99978167	0.004597	-
us-ssa	ssa-1383.pdf	1	8737625	102735083	0.003914	-
us-ssa	ssa-1391.pdf	1	5356958	74469875	0.001153	-
us-ssa	ssa-1458.pdf	1	6366041	78264709	0.000283	-
us-ssa	ssa-150.pdf	1	10015292	101939750	0.001636	-
us-ssa	ssa-1560.pdf	1	11366334	102005250	0.000924	-
us-ssa	ssa-16-bk-sp.pdf	1	9430500	97204834	0.003398	-
us-ssa	ssa-16-bk.pdf	1	6216458	84368708	0.001081	-
us-ssa	ssa-1691.pdf	1	13816292	107774083	0.000879	-
us-ssa	ssa-1693.pdf	1	10463916	102418125	0.003113	-
us-ssa	ssa-1694.pdf	1	13668084	107585000	0.000338	-
us-ssa	ssa-1696-sup1.pdf	1	13391250	115350417	0.001533	-
us-ssa	ssa-1696-sup2.pdf	1	14740833	125141334	0.000788	-
us-ssa	ssa-1696.pdf	1	13654875	123439708	0.002408	-
us-ssa	ssa-1699.pdf	1	10106583	101373125	0.003967	-
us-ssa	ssa-1724.pdf	1	8397083	98850292	0.004104	-
us-ssa	ssa-186.pdf	1	9129042	91875459	0.001628	-
us-ssa	ssa-1945-sp.pdf	1	6232334	66875666	0.001417	-
us-ssa	ssa-1945.pdf	1	5963125	65411916	0.001694	-
us-ssa	ssa-199.pdf	1	5714042	74407167	0.001735	-
us-ssa	ssa-2-bk-sp.pdf	1	7822500	89387375	0.000920	-
us-ssa	ssa-2-bk.pdf	1	6900208	89633250	0.000867	-
us-ssa	ssa-2010-f6.pdf	1	6060334	74419833	0.001919	-
us-ssa	ssa-2032bk.pdf	1	7703625	101160750	0.001159	-
us-ssa	ssa-21.pdf	1	9180416	102305833	0.004475	-
us-ssa	ssa-24.pdf	1	8381250	97225875	0.002309	-
us-ssa	ssa-2490-bk.pdf	1	7810542	81436291	0.000355	-
us-ssa	ssa-25.pdf	1	10277000	96880917	0.000485	-
us-ssa	ssa-2519.pdf	1	13462000	122395542	0.002292	-
us-ssa	ssa-2574.pdf	1	4362375	60256875	0.002094	-
us-ssa	ssa-263.pdf	1	6740917	81657625	0.003443	-
us-ssa	ssa-268.pdf	1	6764542	81340250	0.001102	-
us-ssa	ssa-2855.pdf	1	6249167	75902625	0.001545	-
us-ssa	ssa-2935.pdf	1	6263167	65208333	0.000378	-
us-ssa	ssa-3.pdf	1	6166000	86533750	0.001207	-
us-ssa	ssa-3033.pdf	1	5307750	67419583	0.000681	-
us-ssa	ssa-308.pdf	1	10508958	107867541	0.001312	-
us-ssa	ssa-3105.pdf	1	12188709	126760792	0.000452	-
us-ssa	ssa-3288-sp.pdf	1	10486417	93421667	0.001021	-
us-ssa	ssa-3288.pdf	1	9829166	86991417	0.000800	-
us-ssa	ssa-3368-bk.pdf	1	12680416	118359917	0.002364	-
us-ssa	ssa-3369.pdf	1	6174583	85736083	0.002125	-
us-ssa	ssa-3371-bk.pdf	1	4591708	68882625	0.001496	-
us-ssa	ssa-3373-bk.pdf	1	6102292	83083792	0.002214	-
us-ssa	ssa-3375-bk.pdf	1	4289250	66870416	0.000968	-
us-ssa	ssa-3376-bk.pdf	1	4361458	69558834	0.002791	-
us-ssa	ssa-3377-bk.pdf	1	4315959	68783375	0.001785	-
us-ssa	ssa-3378-bk.pdf	1	4447834	69508625	0.001754	-
us-ssa	ssa-3379-bk.pdf	1	4590084	67695042	0.002418	-
us-ssa	ssa-3380.pdf	1	6961875	94687875	0.002401	-
us-ssa	ssa-3441.pdf	1	10711417	111759875	0.003295	-
us-ssa	ssa-371.pdf	1	8870583	77393917	0.000151	-
us-ssa	ssa-372.pdf	1	7076083	79031167	0.000173	-
us-ssa	ssa-3820.pdf	1	12382375	107769125	0.005651	-
us-ssa	ssa-3830.pdf	1	6223708	59332500	0.000014	-
us-ssa	ssa-3881.pdf	1	6586917	77916125	0.000666	-
us-ssa	ssa-3885.pdf	1	8066500	93609000	0.000807	-
us-ssa	ssa-3sp.pdf	1	7031209	95494166	0.001300	-
us-ssa	ssa-4-bk-sp.pdf	1	11438750	110573167	0.000415	-
us-ssa	ssa-4-bk.pdf	1	14526875	107725875	0.001273	-
us-ssa	ssa-4-inst.pdf	1	11807459	120697583	0.000953	-
us-ssa	ssa-4111.pdf	1	10559792	107111084	0.005092	-
us-ssa	ssa-4162.pdf	1	7161459	65316208	0.000493	-
us-ssa	ssa-4178.pdf	1	4895625	45981750	0.000134	-
us-ssa	ssa-4290-f5.pdf	1	9864000	83702500	0.002399	-
us-ssa	ssa-437-bk-sp.pdf	1	14409542	103083125	0.002325	-
us-ssa	ssa-437.pdf	1	10398959	110190958	0.003192	-
us-ssa	ssa-44.pdf	1	11032375	121852917	0.001273	-
us-ssa	ssa-454-bk.pdf	1	13009833	114339292	0.006951	-
us-ssa	ssa-455.pdf	1	10525167	92715833	0.001211	-
us-ssa	ssa-4814.pdf	1	8827000	104590500	0.004392	-
us-ssa	ssa-4815.pdf	1	8833917	100607708	0.002181	-
us-ssa	ssa-5-bk-sp.pdf	1	10205750	105745500	0.001409	-
us-ssa	ssa-5-bk.pdf	1	8684208	95218167	0.000774	-
us-ssa	ssa-5-inst.pdf	1	10367708	107019333	0.000497	-
us-ssa	ssa-5062.pdf	1	6523375	80223041	0.000555	-
us-ssa	ssa-5064.pdf	1	6809625	82906958	0.000576	-
us-ssa	ssa-521-sp.pdf	1	10029875	95393125	0.003910	-
us-ssa	ssa-521.pdf	1	7976709	77776958	0.001003	-
us-ssa	ssa-545.pdf	1	9028208	81206833	0.001203	-
us-ssa	ssa-546.pdf	1	9484750	93892833	0.001857	-
us-ssa	ssa-552.pdf	1	10104250	84344167	0.001279	-
us-ssa	ssa-561-u2.pdf	1	13920625	111201917	0.003511	-
us-ssa	ssa-5665-bk-sp.pdf	1	11095875	99632750	0.000716	-
us-ssa	ssa-5665-bk.pdf	1	10964916	112269792	0.001900	-
us-ssa	ssa-5666.pdf	1	10853875	84135833	0.001345	-
us-ssa	ssa-632-bk-sp.pdf	1	11141375	97017833	0.001710	-
us-ssa	ssa-632-bk.pdf	1	8081458	94965541	0.001628	-
us-ssa	ssa-634-sp.pdf	1	7795833	85890209	0.000906	-
us-ssa	ssa-634.pdf	1	6636333	90211334	0.002647	-
us-ssa	ssa-640.pdf	1	6638916	85590125	0.000662	-
us-ssa	ssa-671.pdf	1	8908834	90762084	0.000371	-
us-ssa	ssa-7-f6-sp.pdf	1	9801375	105995083	0.002534	-
us-ssa	ssa-7.pdf	1	7833166	93509000	0.001040	-
us-ssa	ssa-7004-sp.pdf	1	8878833	76912042	0.000906	-
us-ssa	ssa-7004.pdf	1	8614125	74227792	0.000798	-
us-ssa	ssa-7008.pdf	1	8975208	99022000	0.004205	-
us-ssa	ssa-7011-f4.pdf	1	5880375	82797166	0.001809	-
us-ssa	ssa-7050.pdf	1	11171083	107713917	0.002948	-
us-ssa	ssa-7104.pdf	1	8902000	75562417	0.000928	-
us-ssa	ssa-711.pdf	1	6645500	83182959	0.002313	-
us-ssa	ssa-714.pdf	1	6837125	79270292	0.000466	-
us-ssa	ssa-7156.pdf	1	7932375	73523834	0.002222	-
us-ssa	ssa-7157.pdf	1	10101042	100448875	0.001341	-
us-ssa	ssa-7160.pdf	1	6158959	74991083	0.000631	-
us-ssa	ssa-7163.pdf	1	6644209	75966416	0.001180	-
us-ssa	ssa-7163a.pdf	1	6438792	85000834	0.000446	-
us-ssa	ssa-721.pdf	1	7681917	87498292	0.000524	-
us-ssa	ssa-723.pdf	1	5900833	81192666	0.001007	-
us-ssa	ssa-731.pdf	1	5719333	78340625	0.000656	-
us-ssa	ssa-753.pdf	1	6708250	59763708	0.000656	-
us-ssa	ssa-754-f5.pdf	1	6627084	82610292	0.001250	-
us-ssa	ssa-760.pdf	1	6610541	71244250	0.000992	-
us-ssa	ssa-765.pdf	1	5000541	75942417	0.001108	-
us-ssa	ssa-766.pdf	1	8092917	71478958	0.000858	-
us-ssa	ssa-769-u4.pdf	1	4304209	64324875	0.001702	-
us-ssa	ssa-770-u4.pdf	1	9353542	92161084	0.001170	-
us-ssa	ssa-773-u4.pdf	1	7537750	86878583	0.000512	-
us-ssa	ssa-781.pdf	1	6908584	62304958	0.000353	-
us-ssa	ssa-783.pdf	1	6918042	79708750	0.000819	-
us-ssa	ssa-788.pdf	1	5967750	76944917	0.002243	-
us-ssa	ssa-789.pdf	1	7550958	83979458	0.002003	-
us-ssa	ssa-792.pdf	1	8924458	97246041	0.004351	-
us-ssa	ssa-795-sp.pdf	1	3805875	39592083	0.000419	-
us-ssa	ssa-795.pdf	1	4196958	39051041	0.000563	-
us-ssa	ssa-8.pdf	1	7606791	93055042	0.001498	-
us-ssa	ssa-8000-bk.pdf	1	7903459	102572375	0.001859	-
us-ssa	ssa-8001-bk.pdf	1	7954042	89445292	0.001316	-
us-ssa	ssa-8005-inst.pdf	1	10309041	103486584	0.001009	-
us-ssa	ssa-8010-bk.pdf	1	9429708	110241375	0.001902	-
us-ssa	ssa-8011-f3.pdf	1	6316667	78308000	0.004337	-
us-ssa	ssa-820.pdf	1	4465625	66963167	0.000648	-
us-ssa	ssa-821.pdf	1	7330833	80796792	0.000974	-
us-ssa	ssa-8240.pdf	1	12598500	112200708	0.000761	-
us-ssa	ssa-827-inst-sp.pdf	1	17506625	111409375	0.003802	-
us-ssa	ssa-827-inst.pdf	1	15407875	116966667	0.002703	-
us-ssa	ssa-827.pdf	1	13412500	106956291	0.001908	-
us-ssa	ssa-8510.pdf	1	5504042	46528500	0.000039	-
us-ssa	ssa-8552.pdf	1	2328083	48525250	0.004015	-
us-ssa	ssa-88.pdf	1	6970584	70030458	0.000627	-
us-ssa	ssa-89-sp.pdf	1	14722167	119669917	0.001869	-
us-ssa	ssa-89.pdf	1	12423750	112721959	0.002304	-
us-uscis	i-9.pdf	1	23770500	113476958	0.000607	-
us-uscis	i-90.pdf	1	12331291	92267542	0.001430	-
us-uscis	i-102.pdf	1	12676166	95319625	0.001626	-
us-uscis	i-129.pdf	1	11730709	97568333	0.001523	-
us-uscis	i-129f.pdf	1	15504334	99754209	0.003427	-
us-uscis	i-129cw.pdf	1	12788792	95857416	0.001684	-
us-uscis	i-130.pdf	1	14896375	103990250	0.002183	-
us-uscis	i-130a.pdf	1	13338833	106060917	0.001797	-
us-uscis	i-131.pdf	1	14630375	106963417	0.001483	-
us-uscis	i-134.pdf	1	12950917	78976416	0.001275	-
us-uscis	i-134a.pdf	1	11663209	88202000	0.000755	-
us-uscis	i-140.pdf	1	14571791	102700042	0.001646	-
us-uscis	i-192.pdf	1	13704500	90061542	0.001327	-
us-uscis	i-193.pdf	1	7412084	58603417	0.000472	-
us-uscis	i-212.pdf	1	13325875	95959125	0.001671	-
us-uscis	i-290b.pdf	1	12833292	86961125	0.001650	-
us-uscis	i-360.pdf	1	12019333	89384875	0.001737	-
us-uscis	i-407.pdf	1	11126167	75515625	0.000821	-
us-uscis	i-485.pdf	1	13150084	94806541	0.001298	-
us-uscis	i-508.pdf	1	11115583	77393416	0.001312	-
us-uscis	i-526.pdf	1	11190375	84846042	0.002106	-
us-uscis	i-539.pdf	1	14970666	86877791	0.001950	-
us-uscis	i-539a.pdf	1	16920583	92037292	0.001409	-
us-uscis	i-566.pdf	1	19826500	100145042	0.001273	-
us-uscis	i-589.pdf	1	14094250	94658792	0.002418	-
us-uscis	i-590.pdf	1	11176500	80588167	0.002730	-
us-uscis	i-600.pdf	1	19029875	101165333	0.001479	-
us-uscis	i-600a.pdf	1	13395750	88260583	0.001353	-
us-uscis	i-601.pdf	1	14638208	98002750	0.001541	-
us-uscis	i-601a.pdf	1	12878708	95889917	0.001659	-
us-uscis	i-602.pdf	1	12497625	83483042	0.001446	-
us-uscis	i-612.pdf	1	12525750	93048792	0.001667	-
us-uscis	i-687.pdf	1	15173667	81626583	0.003171	-
us-uscis	i-690.pdf	1	11127209	79458291	0.001675	-
us-uscis	i-693.pdf	1	11348750	84306542	0.001281	-
us-uscis	i-694.pdf	1	12108625	64738167	0.000990	-
us-uscis	i-698.pdf	1	11481833	82681375	0.001636	-
us-uscis	i-730.pdf	1	7231708	82338792	0.001337	-
us-uscis	i-751.pdf	1	13355500	95415875	0.001358	-
us-uscis	i-765.pdf	1	12354583	95461458	0.001308	-
us-uscis	i-765ws.pdf	1	10199250	66210708	0.000912	-
us-uscis	i-800.pdf	1	13987584	96744500	0.001688	-
us-uscis	i-800a.pdf	1	12169375	88439542	0.002228	-
us-uscis	i-817.pdf	1	21470750	90946666	0.001566	-
us-uscis	i-821.pdf	1	13835250	99618458	0.001473	-
us-uscis	i-821d.pdf	1	13328708	92657291	0.002294	-
us-uscis	i-824.pdf	1	18521541	91032167	0.001248	-
us-uscis	i-829.pdf	1	12500542	97404500	0.001549	-
us-uscis	i-864.pdf	1	12293084	88862250	0.001642	-
us-uscis	i-864a.pdf	1	11906708	80548083	0.001269	-
us-uscis	i-864ez.pdf	1	11984833	82632833	0.001523	-
us-uscis	i-865.pdf	1	10947708	87953708	0.000856	-
us-uscis	i-881.pdf	1	14210542	103542041	0.001580	-
us-uscis	i-905.pdf	1	10908125	78631333	0.001372	-
us-uscis	i-907.pdf	1	11018458	79714000	0.001467	-
us-uscis	i-910.pdf	1	12353000	86005708	0.001471	-
us-uscis	i-912.pdf	1	14324166	96526500	0.001576	-
us-uscis	i-914.pdf	1	12824625	97572625	0.004421	-
us-uscis	i-918.pdf	1	15051375	122672292	0.002346	-
us-uscis	i-929.pdf	1	13088958	67917666	0.000980	-
us-uscis	i-941.pdf	1	16232625	184819083	0.001518	-
us-uscis	i-942.pdf	1	11550834	76567542	0.001421	-
us-uscis	i-956.pdf	1	13930250	69931667	0.000963	-
us-uscis	i-956f.pdf	1	12766458	92486583	0.001510	-
us-uscis	i-956g.pdf	1	10834542	82599333	0.000858	-
us-uscis	i-956h.pdf	1	14298750	94016625	0.001983	-
us-uscis	n-300.pdf	1	11085959	78791916	0.000763	-
us-uscis	n-336.pdf	1	12490083	82919541	0.001254	-
us-uscis	n-400.pdf	1	14984625	108299459	0.001692	-
us-uscis	n-426.pdf	1	13368125	87991958	0.001283	-
us-uscis	n-470.pdf	1	13299292	88207334	0.001972	-
us-uscis	n-565.pdf	1	12519292	81097875	0.001419	-
us-uscis	n-600.pdf	1	14859625	101412833	0.001296	-
us-uscis	n-600k.pdf	1	13975958	95999500	0.001376	-
us-uscis	n-644.pdf	1	10930875	84983916	0.001279	-
us-uscis	n-648.pdf	1	14011958	85511791	0.001353	-
us-uscis	g-28.pdf	1	18728708	117596875	0.001339	-
us-uscis	g-325a.pdf	1	19406583	86748625	0.001075	-
us-uscis	g-639.pdf	1	23736375	117844334	0.001469	-
us-uscis	g-845.pdf	1	18150334	80961250	0.000846	-
us-uscis	g-884.pdf	1	15604625	88292917	0.001537	-
us-uscis	g-1041.pdf	1	11795667	85281583	0.001308	-
us-uscis	g-1055.pdf	1	15169792	120333333	0.000891	-
us-uscis	g-1145.pdf	1	14393791	87198750	0.002511	-
us-uscis	g-1450.pdf	1	12995042	89471083	0.001642	-
us-uscis	g-1256.pdf	1	14458583	88689292	0.000774	-
us-uscis	g-1566.pdf	1	12047875	81993834	0.001364	-
us-uscis	ar-11.pdf	1	9429750	66746666	0.000763	-
us-uscourts	ao030.pdf	1	9692250	58940375	0.001830	-
us-uscourts	ao035.pdf	1	11940000	82585667	0.010718	-
us-uscourts	ao037.pdf	1	11490375	79301417	0.000057	-
us-uscourts	ao038.pdf	1	5907834	63218500	0.104918	-
us-uscourts	ao039.pdf	1	8800291	119676000	0.000276	-
us-uscourts	ao044.pdf	1	14260333	89858792	0.002142	-
us-uscourts	ao078.pdf	1	12373458	56753041	0.011316	-
us-uscourts	ao083.pdf	1	6692125	60517208	0.013371	-
us-uscourts	ao085.pdf	1	6890500	73420125	0.011161	-
us-uscourts	ao088.pdf	1	8803250	73425375	0.013410	-
us-uscourts	ao089.pdf	1	6738500	58112458	0.010953	-
us-uscourts	ao090.pdf	1	6953208	59748958	0.006214	-
us-uscourts	ao091.pdf	1	6857459	66290625	0.009045	-
us-uscourts	ao093.pdf	1	14166542	80214167	0.005641	-
us-uscourts	ao094.pdf	1	8396792	66878708	0.008199	-
us-uscourts	ao098.pdf	1	9461334	75155000	0.002080	-
us-uscourts	ao099.pdf	1	10205875	72800625	0.002752	-
us-uscourts	ao102.pdf	1	9769292	81114750	0.005616	-
us-uscourts	ao103.pdf	1	8727583	71631458	0.005690	-
us-uscourts	ao104.pdf	1	16157750	96480041	0.008886	-
us-uscourts	ao106.pdf	1	9530375	78720959	0.007244	-
us-uscourts	ao108.pdf	1	6816792	62480000	0.004128	-
us-uscourts	ao109.pdf	1	10016333	80437083	0.001372	-
us-uscourts	ao110.pdf	1	6544625	55847292	0.005465	-
us-uscourts	ao120.pdf	1	5851208	68541083	0.001894	-
us-uscourts	ao121.pdf	1	9276084	65212000	0.000113	-
us-uscourts	ao132.pdf	1	8650500	67579208	0.000159	-
us-uscourts	ao133.pdf	1	9577500	71809625	0.015762	-
us-uscourts	ao136.pdf	1	10017958	60421667	0.004638	-
us-uscourts	ao145.pdf	1	5638500	55227166	0.000623	-
us-uscourts	ao153.pdf	1	5130666	58890209	0.000041	-
us-uscourts	ao154.pdf	1	6722583	69623500	0.000161	-
us-uscourts	ao187.pdf	1	6807375	72787166	0.000089	-
us-uscourts	ao190.pdf	1	6184709	57062125	0.003078	-
us-uscourts	ao191.pdf	1	6425500	56906042	0.001523	-
us-uscourts	ao205.pdf	1	7523583	68530791	0.000357	-
us-uscourts	ao213.pdf	1	63048125	143577667	0.000930	-
us-uscourts	ao223.pdf	1	10108958	70906125	0.000008	-
us-uscourts	ao224.pdf	1	10499334	71852542	0.000043	-
us-uscourts	ao239.pdf	1	6401792	74853417	0.003435	-
us-uscourts	ao240.pdf	1	9595125	72658125	0.004081	-
us-uscourts	ao242.pdf	1	8836875	96632125	0.000210	-
us-uscourts	ao246.pdf	1	12853584	76787417	0.010949	-
us-uscourts	ao249.pdf	1	7167666	68830500	0.005967	-
us-uscourts	ao310.pdf	1	5752625	71103417	0.010289	-
us-uscourts	ao320.pdf	1	9583209	77145542	0.000052	-
us-uscourts	ao390.pdf	1	5443125	55844667	0.000000	-
us-uscourts	ao391.pdf	1	3568875	45597208	0.000014	-
us-uscourts	ao392.pdf	1	3531958	47775000	0.000014	-
us-uscourts	ao393.pdf	1	2499500	51693875	0.000285	-
us-uscourts	ao398.pdf	1	10320375	84957209	0.008640	-
us-uscourts	ao399.pdf	1	11058833	86164000	0.008927	-
us-uscourts	ao425.pdf	1	8565000	62399417	0.000557	-
us-uscourts	ao430.pdf	1	6516625	73088875	0.000091	-
us-uscourts	ao431.pdf	1	4325500	54440125	0.000010	-
us-uscourts	ao432.pdf	1	5569875	52914083	0.000078	-
us-uscourts	ao435.pdf	1	10983042	90528792	0.000097	-
us-uscourts	ao436.pdf	1	11700959	82565625	0.051691	-
us-uscourts	ao440.pdf	1	3786583	58697791	0.005228	-
us-uscourts	ao441.pdf	1	8474125	68314375	0.003258	-
us-uscourts	ao442.pdf	1	3741583	56144083	0.011652	-
us-uscourts	ao443.pdf	1	6955750	62598416	0.006336	-
us-uscourts	ao444.pdf	1	7672209	62542750	0.008015	-
us-uscourts	ao445.pdf	1	6851334	59808750	0.009591	-
us-uscourts	ao447.pdf	1	3676375	56341917	0.000027	-
us-uscourts	ao450.pdf	1	4461250	65920958	0.012315	-
us-uscourts	ao451.pdf	1	3170250	58798167	0.001700	-
us-uscourts	ao455.pdf	1	3180416	56932542	0.005641	-
us-uscourts	ao458.pdf	1	5775375	58025167	0.013231	-
